input_pdf_name,output_csv_name,error_flag,recreate_flag
DH_23_2001_GWA_EB.pdf,DH_23_2001_GWA_EB.csv,0,0
DH_22_2001_RAI_EB.pdf,DH_22_2001_RAI_EB.csv,0,0
DH_24_2001_NAV_EB.pdf,DH_24_2001_NAV_EB.csv,0,0
DH_09_2001_SRV_EB.pdf,DH_09_2001_SRV_EB.csv,0,0
DH_10_2001_BHO_EB.pdf,DH_10_2001_BHO_EB.csv,0,0
DH_24_2001_DAN_EB.pdf,DH_24_2001_DAN_EB.csv,0,0
DH_15_2001_SAI_EB.pdf,DH_15_2001_SAI_EB.csv,0,0
DH_33_2001_NIL_EB.pdf,DH_33_2001_NIL_EB.csv,0,0
DH_29_2001_GUL_EB.pdf,DH_29_2001_GUL_EB.csv,0,0
DH_09_2001_CHT_EB.pdf,DH_09_2001_CHT_EB.csv,0,0
DH_09_2001_MUZ_EB.pdf,DH_09_2001_MUZ_EB.csv,0,0
DH_10_2001_MDP_EB.pdf,DH_10_2001_MDP_EB.csv,0,0
DH_23_2001_DAM_EB.pdf,DH_23_2001_DAM_EB.csv,0,0
DH_18_2001_TIN_EB.pdf,DH_18_2001_TIN_EB.csv,0,0
DH_10_2001_PUN_EB.pdf,DH_10_2001_PUN_EB.csv,0,0
DH_18_2001_CAC_EB.pdf,DH_18_2001_CAC_EB.csv,0,0
DH_10_2001_KIS_EB.pdf,DH_10_2001_KIS_EB.csv,0,0
DH_09_2001_ETA_VOL-02_EB.pdf,DH_09_2001_ETA_VOL-02_EB.csv,0,0
DH_18_2001_GOL_EB.pdf,DH_18_2001_GOL_EB.csv,0,0
DH_33_2001_ERO_EB.pdf,DH_33_2001_ERO_EB.csv,0,0
DH_18_2001_DHU_EB.pdf,DH_18_2001_DHU_EB.csv,0,0
DH_27_2001_NAS_EB.pdf,DH_27_2001_NAS_EB.csv,0,0
DH_18_2001_DIB_EB.pdf,DH_18_2001_DIB_EB.csv,0,0
DH_23_2001_DEW_EB.pdf,DH_23_2001_DEW_EB.csv,0,0
DH_24_2001_PAT_EB.pdf,DH_24_2001_PAT_EB.csv,0,0
DH_27_2001_JLN_EB.pdf,DH_27_2001_JLN_EB.csv,0,0
DH_23_2001_NAR_EB.pdf,DH_23_2001_NAR_EB.csv,0,0
DH_09_2001_JAL_EB.pdf,DH_09_2001_JAL_EB.csv,0,0
DH_29_2001_BLR_EB.pdf,DH_29_2001_BLR_EB.csv,0,0
DH_33_2001_VEL_EB.pdf,DH_33_2001_VEL_EB.csv,0,0
DH_08_2001_DUN_EB.pdf,DH_08_2001_DUN_EB.csv,0,0
DH_09_2001_HAR_VOL-02_EB.pdf,DH_09_2001_HAR_VOL-02_EB.csv,0,0
DH_03_2001_MUK_EB.pdf,DH_03_2001_MUK_EB.csv,0,0
DH_27_2001_GAD_EB.pdf,DH_27_2001_GAD_EB.csv,0,0
DH_24_2001_ANA_EB.pdf,DH_24_2001_ANA_EB.csv,0,0
DH_33_2001_DHA_EB.pdf,DH_33_2001_DHA_EB.csv,0,0
DH_19_2001_HUG_EB.pdf,DH_19_2001_HUG_EB.csv,0,0
DH_29_2001_RAI_EB.pdf,DH_29_2001_RAI_EB.csv,0,0
DH_10_2001_SAM_EB.pdf,DH_10_2001_SAM_EB.csv,0,0
DH_12_2001_WKAM_EB.pdf,DH_12_2001_WKAM_EB.csv,0,0
DH_02_2001_CHA_EB.pdf,DH_02_2001_CHA_EB.csv,0,0
DH_02_2001_B_KAN_EB.pdf,DH_02_2001_B_KAN_EB.csv,0,0
DH_09_2001_KAN_EB.pdf,DH_09_2001_KAN_EB.csv,0,0
DH_05_2001_GAR_VOL-02_EB.pdf,DH_05_2001_GAR_VOL-02_EB.csv,0,0
DH_23_2001_SAT_EB.pdf,DH_23_2001_SAT_EB.csv,0,0
DH_09_2001_GKP_EB.pdf,DH_09_2001_GKP_EB.csv,0,0
DH_16_2001_NTRI_EB.pdf,DH_16_2001_NTRI_EB.csv,0,0
DH_23_2001_SHA_EB.pdf,DH_23_2001_SHA_EB.csv,0,0
DH_13_2001_TUE_EB.pdf,DH_13_2001_TUE_EB.csv,0,0
DH_23_2001_TIK_EB.pdf,DH_23_2001_TIK_EB.csv,0,0
DH_29_2001_SHI_EB.pdf,DH_29_2001_SHI_EB.csv,0,0
DH_27_2001_SUB_EB.pdf,DH_27_2001_SUB_EB.csv,0,0
DH_19_2001_PUR_EB.pdf,DH_19_2001_PUR_EB.csv,0,0
DH_09_2001_FRO_EB.pdf,DH_09_2001_FRO_EB.csv,0,0
DH_10_2001_MUZ_EB.pdf,DH_10_2001_MUZ_EB.csv,0,0
DH_02_2001_UNA_EB.pdf,DH_02_2001_UNA_EB.csv,0,0
DH_22_2001_DUR_EB.pdf,DH_22_2001_DUR_EB.csv,0,0
DH_09_2001_BIJ_VOL-02_EB.pdf,DH_09_2001_BIJ_VOL-02_EB.csv,0,0
DH_13_2001_KOH_EB.pdf,DH_13_2001_KOH_EB.csv,0,0
DH_10_2001_KAT_EB.pdf,DH_10_2001_KAT_EB.csv,0,0
DH_23_2001_ENIR_EB.pdf,DH_23_2001_ENIR_EB.csv,0,0
DH_33_2001_DIN_EB.pdf,DH_33_2001_DIN_EB.csv,0,0
DH_24_2001_RAJ_EB.pdf,DH_24_2001_RAJ_EB.csv,0,0
DH_09_2001_SRA_EB.pdf,DH_09_2001_SRA_EB.csv,0,0
DH_12_2001_LOH_EB.pdf,DH_12_2001_LOH_EB.csv,0,0
DH_18_2001_KOK_EB.pdf,DH_18_2001_KOK_EB.csv,0,0
DH_33_2001_THR_EB.pdf,DH_33_2001_THR_EB.csv,0,0
DH_27_2001_PAR_EB.pdf,DH_27_2001_PAR_EB.csv,0,0
DH_27_2001_JAL_EB.pdf,DH_27_2001_JAL_EB.csv,0,0
DH_19_2001_UDIN_EB.pdf,DH_19_2001_UDIN_EB.csv,0,0
DH_10_2001_SIT_EB.pdf,DH_10_2001_SIT_EB.csv,0,0
DH_28_2001_SRI_EB.pdf,DH_28_2001_SRI_EB.csv,0,0
DH_27_2001_CHA_EB.pdf,DH_27_2001_CHA_EB.csv,0,0
DH_30_2001_SGOA_EB.pdf,DH_30_2001_SGOA_EB.csv,0,0
DH_23_2001_UJI_EB.pdf,DH_23_2001_UJI_EB.csv,0,0
DH_27_2001_NAG_EB.pdf,DH_27_2001_NAG_EB.csv,0,0
DH_10_2001_PAT_EB.pdf,DH_10_2001_PAT_EB.csv,0,0
DH_29_2001_GAD_EB.pdf,DH_29_2001_GAD_EB.csv,0,0
DH_28_2001_NAL_EB.pdf,DH_28_2001_NAL_EB.csv,0,0
DH_22_2001_KOY_EB.pdf,DH_22_2001_KOY_EB.csv,0,0
DH_10_2001_ARA_EB.pdf,DH_10_2001_ARA_EB.csv,0,0
DH_23_2001_SEH_EB.pdf,DH_23_2001_SEH_EB.csv,0,0
DH_17_2001_RIB_EB.pdf,DH_17_2001_RIB_EB.csv,0,0
DH_23_2001_HOS_EB.pdf,DH_23_2001_HOS_EB.csv,0,0
DH_10_2001_BEG_EB.pdf,DH_10_2001_BEG_EB.csv,0,0
DH_24_2001_AHM_EB.pdf,DH_24_2001_AHM_EB.csv,0,0
DH_09_2001_UNA_EB.pdf,DH_09_2001_UNA_EB.csv,0,0
DH_10_2001_SHE_EB.pdf,DH_10_2001_SHE_EB.csv,0,0
DH_10_2001_KAI_EB.pdf,DH_10_2001_KAI_EB.csv,0,0
DH_18_2001_LAK_EB.pdf,DH_18_2001_LAK_EB.csv,0,0
DH_08_2001_BIK_EB.pdf,DH_08_2001_BIK_EB.csv,0,0
DH_08_2001_HAN_EB.pdf,DH_08_2001_HAN_EB.csv,0,0
DH_19_2001_BIR_EB.pdf,DH_19_2001_BIR_EB.csv,0,0
DH_18_2001_SIB_EB.pdf,DH_18_2001_SIB_EB.csv,0,0
DH_17_2001_WKHA_EB.pdf,DH_17_2001_WKHA_EB.csv,0,0
DH_28_2001_NIZ_EB.pdf,DH_28_2001_NIZ_EB.csv,0,0
DH_20_2001_GAR_EB.pdf,DH_20_2001_GAR_EB.csv,0,0
DH_08_2001_BHA_EB.pdf,DH_08_2001_BHA_EB.csv,0,0
DH_33_2001_NAM_EB.pdf,DH_33_2001_NAM_EB.csv,0,0
DH_27_2001_WAS_EB.pdf,DH_27_2001_WAS_EB.csv,0,0
DH_33_2001_PER_EB.pdf,DH_33_2001_PER_EB.csv,0,0
DH_23_2001_PAN_EB.pdf,DH_23_2001_PAN_EB.csv,0,0
DH_10_2001_ROH_EB.pdf,DH_10_2001_ROH_EB.csv,0,0
DH_21_2001_NUA_EB.pdf,DH_21_2001_NUA_EB.csv,0,0
DH_33_2001_COI_EB.pdf,DH_33_2001_COI_EB.csv,0,0
DH_03_2001_FAT_EB.pdf,DH_03_2001_FAT_EB.csv,0,0
DH_22_2001_BIL_EB.pdf,DH_22_2001_BIL_EB.csv,0,0
DH_23_2001_RAI_EB.pdf,DH_23_2001_RAI_EB.csv,0,0
DH_08_2001_BRN_EB.pdf,DH_08_2001_BRN_EB.csv,0,0
DH_02_2001_B_MAN_EB.pdf,DH_02_2001_B_MAN_EB.csv,0,0
DH_28_2001_RAN_EB.pdf,DH_28_2001_RAN_EB.csv,0,0
DH_27_2001_BUL_EB.pdf,DH_27_2001_BUL_EB.csv,0,0
DH_33_2001_THE_EB.pdf,DH_33_2001_THE_EB.csv,0,0
DH_16_2001_DHA_EB.pdf,DH_16_2001_DHA_EB.csv,0,0
DH_08_2001_JSL_EB.pdf,DH_08_2001_JSL_EB.csv,0,0
DH_03_2001_HOS_EB.pdf,DH_03_2001_HOS_EB.csv,0,0
DH_15_2001_LUN_EB.pdf,DH_15_2001_LUN_EB.csv,0,0
DH_18_2001_KAM_EB.pdf,DH_18_2001_KAM_EB.csv,0,0
DH_08_2001_NAG_EB.pdf,DH_08_2001_NAG_EB.csv,0,0
DH_09_2001_RAE_EB.pdf,DH_09_2001_RAE_EB.csv,0,0
DH_23_2001_SAG_EB.pdf,DH_23_2001_SAG_EB.csv,0,0
DH_12_2001_LSUB_EB.pdf,DH_12_2001_LSUB_EB.csv,0,0
DH_28_2001_WAR_EB.pdf,DH_28_2001_WAR_EB.csv,0,0
DH_25_2001_DAM_EB.pdf,DH_25_2001_DAM_EB.csv,0,0
DH_09_2001_RAM_EB.pdf,DH_09_2001_RAM_EB.csv,0,0
DH_09_2001_BAN_EB.pdf,DH_09_2001_BAN_EB.csv,0,0
DH_29_2001_TUM_EB.pdf,DH_29_2001_TUM_EB.csv,0,0
DH_09_2001_PIL_EB.pdf,DH_09_2001_PIL_EB.csv,0,0
DH_23_2001_NEE_EB.pdf,DH_23_2001_NEE_EB.csv,0,0
DH_33_2001_MAD_EB.pdf,DH_33_2001_MAD_EB.csv,0,0
DH_23_2001_CHN_EB.pdf,DH_23_2001_CHN_EB.csv,0,0
DH_20_2001_LO_EB.pdf,DH_20_2001_LO_EB.csv,0,0
DH_08_2001_UDA_EB.pdf,DH_08_2001_UDA_EB.csv,0,0
DH_08_2001_BAN_EB.pdf,DH_08_2001_BAN_EB.csv,0,0
DH_29_2001_DHA_EB.pdf,DH_29_2001_DHA_EB.csv,0,0
DH_29_2001_UKAN_EB.pdf,DH_29_2001_UKAN_EB.csv,0,0
DH_09_2001_SIT_EB.pdf,DH_09_2001_SIT_EB.csv,0,0
DH_22_2001_KAW_EB.pdf,DH_22_2001_KAW_EB.csv,0,0
DH_29_2001_BAG_EB.pdf,DH_29_2001_BAG_EB.csv,0,0
DH_24_2001_JAM_EB.pdf,DH_24_2001_JAM_EB.csv,0,0
DH_24_2001_BHA_EB.pdf,DH_24_2001_BHA_EB.csv,0,0
DH_27_2001_BHA_EB.pdf,DH_27_2001_BHA_EB.csv,0,0
DH_23_2001_GUN_EB.pdf,DH_23_2001_GUN_EB.csv,0,0
DH_28_2001_MAH_EB.pdf,DH_28_2001_MAH_EB.csv,0,0
DH_27_2001_HIN_EB.pdf,DH_27_2001_HIN_EB.csv,0,0
DH_27_2001_YAV_EB.pdf,DH_27_2001_YAV_EB.csv,0,0
DH_18_2001_NCH_EB.pdf,DH_18_2001_NCH_EB.csv,0,0
DH_24_2001_GAN_EB.pdf,DH_24_2001_GAN_EB.csv,0,0
DH_16_2001_STRI_EB.pdf,DH_16_2001_STRI_EB.csv,0,0
DH_10_2001_AUR_EB.pdf,DH_10_2001_AUR_EB.csv,0,0
DH_09_2001_VAR_EB.pdf,DH_09_2001_VAR_EB.csv,0,0
DH_23_2001_BAL_EB.pdf,DH_23_2001_BAL_EB.csv,0,0
DH_10_2001_SHK_EB.pdf,DH_10_2001_SHK_EB.csv,0,0
DH_09_2001_BUL_EB.pdf,DH_09_2001_BUL_EB.csv,0,0
DH_24_2001_VAD_EB.pdf,DH_24_2001_VAD_EB.csv,0,0
DH_09_2001_LKW_EB.pdf,DH_09_2001_LKW_EB.csv,0,0
DH_09_2001_MRJ_EB.pdf,DH_09_2001_MRJ_EB.csv,0,0
DH_08_2001_TON_EB.pdf,DH_08_2001_TON_EB.csv,0,0
DH_08_2001_CHU_EB.pdf,DH_08_2001_CHU_EB.csv,0,0
DH_22_2001_RAJ_EB.pdf,DH_22_2001_RAJ_EB.csv,0,0
DH_28_2001_KHA_EB.pdf,DH_28_2001_KHA_EB.csv,0,0
DH_29_2001_KOP_EB.pdf,DH_29_2001_KOP_EB.csv,0,0
DH_08_2001_SAW_EB.pdf,DH_08_2001_SAW_EB.csv,0,0
DH_03_2001_MAN_EB.pdf,DH_03_2001_MAN_EB.csv,0,0
DH_20_2001_GOD_EB.pdf,DH_20_2001_GOD_EB.csv,0,0
DH_23_2001_IND_EB.pdf,DH_23_2001_IND_EB.csv,0,0
DH_27_2001_AMR_EB.pdf,DH_27_2001_AMR_EB.csv,0,0
DH_29_2001_BAN_EB.pdf,DH_29_2001_BAN_EB.csv,0,0
DH_09_2001_MNI_EB.pdf,DH_09_2001_MNI_EB.csv,0,0
DH_22_2001_KAN_EB.pdf,DH_22_2001_KAN_EB.csv,0,0
DH_10_2001_PAS_EB.pdf,DH_10_2001_PAS_EB.csv,0,0
DH_33_2001_THA_EB.pdf,DH_33_2001_THA_EB.csv,0,0
DH_16_2001_WTRI_EB.pdf,DH_16_2001_WTRI_EB.csv,0,0
DH_23_2001_DAT_EB.pdf,DH_23_2001_DAT_EB.csv,0,0
DH_13_2001_DIM_EB.pdf,DH_13_2001_DIM_EB.csv,0,0
DH_17_2001_JAI_EB.pdf,DH_17_2001_JAI_EB.csv,0,0
DH_18_2001_NAL_EB.pdf,DH_18_2001_NAL_EB.csv,0,0
DH_18_2001_BAR_EB.pdf,DH_18_2001_BAR_EB.csv,0,0
DH_10_2001_MAD_EB.pdf,DH_10_2001_MAD_EB.csv,0,0
DH_09_2001_MAT_EB.pdf,DH_09_2001_MAT_EB.csv,0,0
DH_23_2001_REW_EB.pdf,DH_23_2001_REW_EB.csv,0,0
DH_33_2001_TIV_EB.pdf,DH_33_2001_TIV_EB.csv,0,0
DH_22_2001_JAS_EB.pdf,DH_22_2001_JAS_EB.csv,0,0
DH_23_2001_SHV_EB.pdf,DH_23_2001_SHV_EB.csv,0,0
DH_15_2001_AIZ_EB.pdf,DH_15_2001_AIZ_EB.csv,0,0
DH_10_2001_SAH_EB.pdf,DH_10_2001_SAH_EB.csv,0,0
DH_05_2001_HAR_EB.pdf,DH_05_2001_HAR_EB.csv,0,0
DH_28_2001_HYD_EB.pdf,DH_28_2001_HYD_EB.csv,0,0
DH_10_2001_PUR_EB.pdf,DH_10_2001_PUR_EB.csv,0,0
DH_10_2001_BAN_EB.pdf,DH_10_2001_BAN_EB.csv,0,0
DH_19_2001_MAD_EB.pdf,DH_19_2001_MAD_EB.csv,0,0
DH_20_2001_PAK_EB.pdf,DH_20_2001_PAK_EB.csv,0,0
DH_23_2001_MND_EB.pdf,DH_23_2001_MND_EB.csv,0,0
DH_03_2001_BAT_EB.pdf,DH_03_2001_BAT_EB.csv,0,0
DH_24_2001_DOH_EB.pdf,DH_24_2001_DOH_EB.csv,0,0
DH_19_2001_MUR_EB.pdf,DH_19_2001_MUR_EB.csv,0,0
DH_33_2001_RAM_EB.pdf,DH_33_2001_RAM_EB.csv,0,0
DH_15_2001_SER_EB.pdf,DH_15_2001_SER_EB.csv,0,0
DH_28_2001_VIZ_EB.pdf,DH_28_2001_VIZ_EB.csv,0,0
DH_28_2001_KAR_EB.pdf,DH_28_2001_KAR_EB.csv,0,0
DH_33_2001_THI_EB.pdf,DH_33_2001_THI_EB.csv,0,0
DH_18_2001_MAR_EB.pdf,DH_18_2001_MAR_EB.csv,0,0
DH_18_2001_SON_EB.pdf,DH_18_2001_SON_EB.csv,0,0
DH_05_2001_TEH_VOL-02_EB.pdf,DH_05_2001_TEH_VOL-02_EB.csv,0,0
DH_12_2001_CHA_EB.pdf,DH_12_2001_CHA_EB.csv,0,0
DH_28_2001_VIS_EB.pdf,DH_28_2001_VIS_EB.csv,0,0
DH_29_2001_CHM_EB.pdf,DH_29_2001_CHM_EB.csv,0,0
DH_29_2001_HAV_EB.pdf,DH_29_2001_HAV_EB.csv,0,0
DH_10_2001_BHA_EB.pdf,DH_10_2001_BHA_EB.csv,0,0
DH_12_2001_TAW_EB.pdf,DH_12_2001_TAW_EB.csv,0,0
DH_18_2001_DHE_EB.pdf,DH_18_2001_DHE_EB.csv,0,0
DH_23_2001_KAT_EB.pdf,DH_23_2001_KAT_EB.csv,0,0
DH_08_2001_JOD_EB.pdf,DH_08_2001_JOD_EB.csv,0,0
DH_10_2001_SUP_EB.pdf,DH_10_2001_SUP_EB.csv,0,0
DH_09_2001_BAG_EB.pdf,DH_09_2001_BAG_EB.csv,0,0
DH_09_2001_PRA_EB.pdf,DH_09_2001_PRA_EB.csv,0,0
DH_30_2001_NGOA_EB.pdf,DH_30_2001_NGOA_EB.csv,0,0
DH_19_2001_DDIN_EB.pdf,DH_19_2001_DDIN_EB.csv,0,0
DH_10_2001_VAI_EB.pdf,DH_10_2001_VAI_EB.csv,0,0
DH_27_2001_THA_EB.pdf,DH_27_2001_THA_EB.csv,0,0
DH_09_2001_BLA_VOL-02_EB.pdf,DH_09_2001_BLA_VOL-02_EB.csv,0,0
DH_23_2001_MAN_EB.pdf,DH_23_2001_MAN_EB.csv,0,0
DH_20_2001_CH_EB.pdf,DH_20_2001_CH_EB.csv,0,0
DH_23_2001_HAR_EB.pdf,DH_23_2001_HAR_EB.csv,0,0
DH_04_2001_CHA_EB.pdf,DH_04_2001_CHA_EB.csv,0,0
DH_23_2001_SHE_EB.pdf,DH_23_2001_SHE_EB.csv,0,0
DH_23_2001_MOR_EB.pdf,DH_23_2001_MOR_EB.csv,0,0
DH_23_2001_BET_EB.pdf,DH_23_2001_BET_EB.csv,0,0
DH_09_2001_BAS_VOL-02_EB.pdf,DH_09_2001_BAS_VOL-02_EB.csv,0,0
DH_09_2001_SON_EB.pdf,DH_09_2001_SON_EB.csv,0,0
DH_29_2001_UDU_EB.pdf,DH_29_2001_UDU_EB.csv,0,0
DH_29_2001_KOL_EB.pdf,DH_29_2001_KOL_EB.csv,0,0
DH_19_2001_BRD_EB.pdf,DH_19_2001_BRD_EB.csv,0,0
DH_20_2001_SAH_EB.pdf,DH_20_2001_SAH_EB.csv,0,0
DH_24_2001_KHE_EB.pdf,DH_24_2001_KHE_EB.csv,0,0
DH_10_2001_JEH_EB.pdf,DH_10_2001_JEH_EB.csv,0,0
DH_23_2001_BHO_EB.pdf,DH_23_2001_BHO_EB.csv,0,0
DH_03_2001_FAR_EB.pdf,DH_03_2001_FAR_EB.csv,0,0
DH_09_2001_FAR_EB.pdf,DH_09_2001_FAR_EB.csv,0,0
DH_09_2001_KDE_EB.pdf,DH_09_2001_KDE_EB.csv,0,0
DH_24_2001_VAL_EB.pdf,DH_24_2001_VAL_EB.csv,0,0
DH_23_2001_WNIM_EB.pdf,DH_23_2001_WNIM_EB.csv,0,0
DH_09_2001_MOR_VOL-02_EB.pdf,DH_09_2001_MOR_VOL-02_EB.csv,0,0
DH_18_2001_BON_EB.pdf,DH_18_2001_BON_EB.csv,0,0
DH_08_2001_BAR_EB.pdf,DH_08_2001_BAR_EB.csv,0,0
DH_33_2001_CUD_EB.pdf,DH_33_2001_CUD_EB.csv,0,0
DH_18_2001_GOA_EB.pdf,DH_18_2001_GOA_EB.csv,0,0
DH_09_2001_SKA_EB.pdf,DH_09_2001_SKA_EB.csv,0,0
DH_23_2001_DIN_EB.pdf,DH_23_2001_DIN_EB.csv,0,0
DH_19_2001_MAL_EB.pdf,DH_19_2001_MAL_EB.csv,0,0
DH_24_2001_PAN_EB.pdf,DH_24_2001_PAN_EB.csv,0,0
DH_23_2001_BAR_EB.pdf,DH_23_2001_BAR_EB.csv,0,0
DH_18_2001_NAG_EB.pdf,DH_18_2001_NAG_EB.csv,0,0
DH_29_2001_BANR_EB.pdf,DH_29_2001_BANR_EB.csv,0,0
DH_10_2001_DAR_EB.pdf,DH_10_2001_DAR_EB.csv,0,0
DH_33_2001_THO_EB.pdf,DH_33_2001_THO_EB.csv,0,0
DH_29_2001_HAS_EB.pdf,DH_29_2001_HAS_EB.csv,0,0
DH_10_2001_GOP_EB.pdf,DH_10_2001_GOP_EB.csv,0,0
DH_18_2001_HAI_EB.pdf,DH_18_2001_HAI_EB.csv,0,0
DH_10_2001_BUX_EB.pdf,DH_10_2001_BUX_EB.csv,0,0
DH_12_2001_TIR_EB.pdf,DH_12_2001_TIR_EB.csv,0,0
DH_17_2001_EGAR_EB.pdf,DH_17_2001_EGAR_EB.csv,0,0
DH_23_2001_RAT_EB.pdf,DH_23_2001_RAT_EB.csv,0,0
DH_14_2001_THO_EB.pdf,DH_14_2001_THO_EB.csv,0,0
DH_27_2001_GON_EB.pdf,DH_27_2001_GON_EB.csv,0,0
DH_09_2001_ETW_EB.pdf,DH_09_2001_ETW_EB.csv,0,0
DH_24_2001_SRT_EB.pdf,DH_24_2001_SRT_EB.csv,0,0
DH_29_2001_BEL_EB.pdf,DH_29_2001_BEL_EB.csv,0,0
DH_09_2001_SHA_VOL-02_EB.pdf,DH_09_2001_SHA_VOL-02_EB.csv,0,0
DH_29_2001_MYS_EB.pdf,DH_29_2001_MYS_EB.csv,0,0
DH_09_2001_SID_EB.pdf,DH_09_2001_SID_EB.csv,0,0
DH_03_2001_NAW_EB.pdf,DH_03_2001_NAW_EB.csv,0,0
DH_09_2001_KNR_EB.pdf,DH_09_2001_KNR_EB.csv,0,0
DH_29_2001_CHI_EB.pdf,DH_29_2001_CHI_EB.csv,0,0
DH_29_2001_CHA_EB.pdf,DH_29_2001_CHA_EB.csv,0,0
DH_08_2001_SIR_EB.pdf,DH_08_2001_SIR_EB.csv,0,0
DH_09_2001_MAH_EB.pdf,DH_09_2001_MAH_EB.csv,0,0
DH_19_2001_KOL_EB.pdf,DH_19_2001_KOL_EB.csv,0,0
DH_27_2001_AHM_EB.pdf,DH_27_2001_AHM_EB.csv,0,0
DH_17_2001_WGAR_EB.pdf,DH_17_2001_WGAR_EB.csv,0,0
DH_13_2001_WOK_EB.pdf,DH_13_2001_WOK_EB.csv,0,0
DH_10_2001_NAL_EB.pdf,DH_10_2001_NAL_EB.csv,0,0
DH_28_2001_GUN_EB.pdf,DH_28_2001_GUN_EB.csv,0,0
DH_12_2001_WSIA_EB.pdf,DH_12_2001_WSIA_EB.csv,0,0
DH_29_2001_BID_EB.pdf,DH_29_2001_BID_EB.csv,0,0
DH_12_2001_PAP_EB.pdf,DH_12_2001_PAP_EB.csv,0,0
DH_35_2001_AND_EB.pdf,DH_35_2001_AND_EB.csv,0,0
DH_28_2001_POT_EB.pdf,DH_28_2001_POT_EB.csv,0,0
DH_10_2001_NAW_EB.pdf,DH_10_2001_NAW_EB.csv,0,0
DH_31_2001_LAK_EB.pdf,DH_31_2001_LAK_EB.csv,0,0
DH_27_2001_MUM_EB.pdf,DH_27_2001_MUM_EB.csv,0,0
DH_17_2001_EKHA_EB.pdf,DH_17_2001_EKHA_EB.csv,0,0
DH_03_2001_KAP_EB.pdf,DH_03_2001_KAP_EB.csv,0,0
DH_03_2001_AMR_EB.pdf,DH_03_2001_AMR_EB.csv,0,0
DH_23_2001_UMA_EB.pdf,DH_23_2001_UMA_EB.csv,0,0
DH_29_2001_DAV_EB.pdf,DH_29_2001_DAV_EB.csv,0,0
DH_02_2001_SIR_EB.pdf,DH_02_2001_SIR_EB.csv,0,0
DH_33_2001_TRP_EB.pdf,DH_33_2001_TRP_EB.csv,0,0
DH_09_2001_AGR_EB.pdf,DH_09_2001_AGR_EB.csv,0,0
DH_24_2001_POR_EB.pdf,DH_24_2001_POR_EB.csv,0,0
DH_09_2001_GOD_VOL-02_EB.pdf,DH_09_2001_GOD_VOL-02_EB.csv,0,0
DH_28_2001_YSR_EB.pdf,DH_28_2001_YSR_EB.csv,0,0
DH_33_2001_NAG_EB.pdf,DH_33_2001_NAG_EB.csv,0,0
DH_15_2001_KOL_EB.pdf,DH_15_2001_KOL_EB.csv,0,0
DH_13_2001_MOK_EB.pdf,DH_13_2001_MOK_EB.csv,0,0
DH_18_2001_KAG_EB.pdf,DH_18_2001_KAG_EB.csv,0,0
DH_28_2001_ADI_EB.pdf,DH_28_2001_ADI_EB.csv,0,0
DH_27_2001_NAD_EB.pdf,DH_27_2001_NAD_EB.csv,0,0
DH_23_2001_SID_EB.pdf,DH_23_2001_SID_EB.csv,0,0
DH_03_2001_JAL_EB.pdf,DH_03_2001_JAL_EB.csv,0,0
DH_27_2001_SAT_EB.pdf,DH_27_2001_SAT_EB.csv,0,0
DH_10_2001_MUN_EB.pdf,DH_10_2001_MUN_EB.csv,0,0
DH_22_2001_DHA_EB.pdf,DH_22_2001_DHA_EB.csv,0,0
DH_28_2001_EGOD_EB.pdf,DH_28_2001_EGOD_EB.csv,0,0
DH_03_2001_LUD_EB.pdf,DH_03_2001_LUD_EB.csv,0,0
DH_03_2001_SAN_EB.pdf,DH_03_2001_SAN_EB.csv,0,0
DH_24_2001_AMR_EB.pdf,DH_24_2001_AMR_EB.csv,0,0
DH_27_2001_LAT_EB.pdf,DH_27_2001_LAT_EB.csv,0,0
DH_28_2001_KRI_EB.pdf,DH_28_2001_KRI_EB.csv,0,0
DH_20_2001_GIR_EB.pdf,DH_20_2001_GIR_EB.csv,0,0
DH_03_2001_MOG_EB.pdf,DH_03_2001_MOG_EB.csv,0,0
DH_33_2001_VIL_EB.pdf,DH_33_2001_VIL_EB.csv,0,0
DH_19_2001_KOB_EB.pdf,DH_19_2001_KOB_EB.csv,0,0
DH_08_2001_JHU_EB.pdf,DH_08_2001_JHU_EB.csv,0,0
DH_33_2001_SIV_EB.pdf,DH_33_2001_SIV_EB.csv,0,0
DH_22_2001_JAN_EB.pdf,DH_22_2001_JAN_EB.csv,0,0
DH_02_2001_KUL_EB.pdf,DH_02_2001_KUL_EB.csv,0,0
DH_13_2001_PHE_EB.pdf,DH_13_2001_PHE_EB.csv,0,0
DH_10_2001_LAK_EB.pdf,DH_10_2001_LAK_EB.csv,0,0
DH_09_2001_HAM_EB.pdf,DH_09_2001_HAM_EB.csv,0,0
DH_15_2001_CHA_EB.pdf,DH_15_2001_CHA_EB.csv,0,0
DH_12_2001_ESIA_EB.pdf,DH_12_2001_ESIA_EB.csv,0,0
DH_27_2001_NAN_EB.pdf,DH_27_2001_NAN_EB.csv,0,0
DH_23_2001_RAJ_EB.pdf,DH_23_2001_RAJ_EB.csv,0,0
DH_23_2001_VID_EB.pdf,DH_23_2001_VID_EB.csv,0,0
DH_33_2001_TIR_EB.pdf,DH_33_2001_TIR_EB.csv,0,0
DH_27_2001_AUR_EB.pdf,DH_27_2001_AUR_EB.csv,0,0
DH_33_2001_KKU_EB.pdf,DH_33_2001_KKU_EB.csv,0,0
DH_33_2001_ARI_EB.pdf,DH_33_2001_ARI_EB.csv,0,0
DH_33_2001_KAN_EB.pdf,DH_33_2001_KAN_EB.csv,0,0
DH_09_2001_BAH_EB.pdf,DH_09_2001_BAH_EB.csv,0,0
DH_24_2001_MAH_EB.pdf,DH_24_2001_MAH_EB.csv,0,0
DH_18_2001_DAR_EB.pdf,DH_18_2001_DAR_EB.csv,0,0
DH_29_2001_MAN_EB.pdf,DH_29_2001_MAN_EB.csv,0,0
DH_09_2001_HAT_EB.pdf,DH_09_2001_HAT_EB.csv,0,0
DH_09_2001_ALI_EB.pdf,DH_09_2001_ALI_EB.csv,0,0
DH_27_2001_DHU_EB.pdf,DH_27_2001_DHU_EB.csv,0,0
DH_24_2001_SAB_EB.pdf,DH_24_2001_SAB_EB.csv,0,0
DH_09_2001_MAU_VOL-02_EB.pdf,DH_09_2001_MAU_VOL-02_EB.csv,0,0
DH_09_2001_LAL_EB.pdf,DH_09_2001_LAL_EB.csv,0,0
DH_19_2001_NAD_EB.pdf,DH_19_2001_NAD_EB.csv,0,0
DH_05_2001_UDH_EB.pdf,DH_05_2001_UDH_EB.csv,0,0
DH_19_2001_BAK_EB.pdf,DH_19_2001_BAK_EB.csv,0,0
DH_23_2001_SHJ_EB.pdf,DH_23_2001_SHJ_EB.csv,0,0
DH_27_2001_AKO_EB.pdf,DH_27_2001_AKO_EB.csv,0,0
DH_28_2001_CHI_EB.pdf,DH_28_2001_CHI_EB.csv,0,0
DH_12_2001_DIB_EB.pdf,DH_12_2001_DIB_EB.csv,0,0
DH_19_2001_DAR_EB.pdf,DH_19_2001_DAR_EB.csv,0,0
DH_19_2001_STFP_EB.pdf,DH_19_2001_STFP_EB.csv,0,0
DH_28_2001_WGOD_EB.pdf,DH_28_2001_WGOD_EB.csv,0,0
DH_08_2001_KAR_EB.pdf,DH_08_2001_KAR_EB.csv,0,0
DH_13_2001_ZUN_EB.pdf,DH_13_2001_ZUN_EB.csv,0,0
DH_13_2001_MON_EB.pdf,DH_13_2001_MON_EB.csv,0,0
DH_10_2001_JAM_EB.pdf,DH_10_2001_JAM_EB.csv,0,0
DH_33_2001_CHE_EB.pdf,DH_33_2001_CHE_EB.csv,0,0
DH_23_2001_JHA_EB.pdf,DH_23_2001_JHA_EB.csv,0,0
DH_27_2001_RAT_EB.pdf,DH_27_2001_RAT_EB.csv,0,0
DH_28_2001_MED_EB.pdf,DH_28_2001_MED_EB.csv,0,0
DH_34_2001_PUD_EB.pdf,DH_34_2001_PUD_EB.csv,0,0
DH_24_2001_JUN_EB.pdf,DH_24_2001_JUN_EB.csv,0,0
DH_33_2001_KAR_EB.pdf,DH_33_2001_KAR_EB.csv,0,0
DH_24_2001_NAR_EB.pdf,DH_24_2001_NAR_EB.csv,0,0
DH_09_2001_BUD_VOL-02_EB.pdf,DH_09_2001_BUD_VOL-02_EB.csv,0,0
DH_28_2001_ANA_EB.pdf,DH_28_2001_ANA_EB.csv,0,0
DH_23_2001_BHI_EB.pdf,DH_23_2001_BHI_EB.csv,0,0
DH_18_2001_JOR_EB.pdf,DH_18_2001_JOR_EB.csv,0,0
DH_08_2001_AJM_EB.pdf,DH_08_2001_AJM_EB.csv,0,0
DH_19_2001_JAL_EB.pdf,DH_19_2001_JAL_EB.csv,0,0
DH_23_2001_CHH_EB.pdf,DH_23_2001_CHH_EB.csv,0,0
DH_21_2001_JAJ_EB.pdf,DH_21_2001_JAJ_EB.csv,0,0
DH_23_2001_JAB_EB.pdf,DH_23_2001_JAB_EB.csv,0,0
DH_19_2001_HOR_EB.pdf,DH_19_2001_HOR_EB.csv,0,0
DH_08_2001_JAL_EB.pdf,DH_08_2001_JAL_EB.csv,0,0
DH_15_2001_MAM_EB.pdf,DH_15_2001_MAM_EB.csv,0,0
DH_24_2001_BHN_EB.pdf,DH_24_2001_BHN_EB.csv,0,0
DH_28_2001_KUR_EB.pdf,DH_28_2001_KUR_EB.csv,0,0
DH_12_2001_EKAM_EB.pdf,DH_12_2001_EKAM_EB.csv,0,0
DH_09_2001_KAU_EB.pdf,DH_09_2001_KAU_EB.csv,0,0
DH_23_2001_DHA_EB.pdf,DH_23_2001_DHA_EB.csv,0,0
DH_29_2001_KOD_EB.pdf,DH_29_2001_KOD_EB.csv,0,0
DH_05_2001_RUD_EB.pdf,DH_05_2001_RUD_EB.csv,0,0
DH_08_2001_KOT_EB.pdf,DH_08_2001_KOT_EB.csv,0,0
DH_08_2001_GAN_EB.pdf,DH_08_2001_GAN_EB.csv,0,0
DH_24_2001_KAC_EB.pdf,DH_24_2001_KAC_EB.csv,0,0
DH_12_2001_USUB_EB.pdf,DH_12_2001_USUB_EB.csv,0,0
DH_10_2001_KHA_EB.pdf,DH_10_2001_KHA_EB.csv,0,0
DH_09_2001_MEE_EB.pdf,DH_09_2001_MEE_EB.csv,0,0
DH_23_2001_SEO_EB.pdf,DH_23_2001_SEO_EB.csv,0,0
DH_09_2001_BLA_VOL-01_EB.pdf,DH_09_2001_BLA_VOL-01_EB.csv,0,0
DH_02_2001_KIN_EB.pdf,DH_02_2001_KIN_EB.csv,0,0
DH_09_2001_KUS_EB.pdf,DH_09_2001_KUS_EB.csv,0,0
DH_09_2001_DEO_VOL-01_EB.pdf,DH_09_2001_DEO_VOL-01_EB.csv,0,0
DH_09_2001_MOR_VOL-01_EB.pdf,DH_09_2001_MOR_VOL-01_EB.csv,0,0
DH_2011_1206_PART_B_DCHB_WEST_SIANG_EB.pdf,DH_2011_1206_PART_B_DCHB_WEST_SIANG_EB.csv,0,0
DH_2011_1505_PART_B_DCHB_SERCHHIP_EB.pdf,DH_2011_1505_PART_B_DCHB_SERCHHIP_EB.csv,0,0
DH_2011_2304_PART_B_DCHB_GWALIOR_EB.pdf,DH_2011_2304_PART_B_DCHB_GWALIOR_EB.csv,0,0
DH_2011_1603_PART_B_DCHB_DHALAI_EB.pdf,DH_2011_1603_PART_B_DCHB_DHALAI_EB.csv,0,0
DH_2011_1911_PART_B_DCHB_NORTH_TWENTY_FOUR_PARGANAS_EB.pdf,DH_2011_1911_PART_B_DCHB_NORTH_TWENTY_FOUR_PARGANAS_EB.csv,0,0
DH_2011_1305_PART_B_DCHB_DIMAPUR_EB.pdf,DH_2011_1305_PART_B_DCHB_DIMAPUR_EB.csv,0,0
DH_2011_1818_PART_B_DCHB_KARIMGANJ_EB.pdf,DH_2011_1818_PART_B_DCHB_KARIMGANJ_EB.csv,0,0
DH_2011_0513_PART_B_DCHB_HARDWAR_EB.pdf,DH_2011_0513_PART_B_DCHB_HARDWAR_EB.csv,0,0
DH_2011_0612_PART_B_DCHB_HISAR_EB.pdf,DH_2011_0612_PART_B_DCHB_HISAR_EB.csv,0,0
DH_2011_0963_PART_B_DCHB_JAUNPUR_EB.pdf,DH_2011_0963_PART_B_DCHB_JAUNPUR_EB.csv,0,0
DH_2011_2809_PART_B_DCHB_WARANGAL_EB.pdf,DH_2011_2809_PART_B_DCHB_WARANGAL_EB.csv,0,0
DH_2011_0115_PART_B_DCHB_KULGAM_EB.pdf,DH_2011_0115_PART_B_DCHB_KULGAM_EB.csv,0,0
DH_2011_2403_PART_B_DCHB_PATAN_EB.pdf,DH_2011_2403_PART_B_DCHB_PATAN_EB.csv,0,0
DH_2011_1211_PART_B_DCHB_LOWER_SUBANSIRI_EB.pdf,DH_2011_1211_PART_B_DCHB_LOWER_SUBANSIRI_EB.csv,0,0
DH_2011_2710_PART_B_DCHB_BHANDARA_EB.pdf,DH_2011_2710_PART_B_DCHB_BHANDARA_EB.csv,0,0
DH_2011_0120_PART_B_DCHB_REASI_EB.pdf,DH_2011_0120_PART_B_DCHB_REASI_EB.csv,0,0
DH_2011_2703_PART_B_DCHB_JALGAON_EB.pdf,DH_2011_2703_PART_B_DCHB_JALGAON_EB.csv,0,0
DH_2011_2011_PART_B_DCHB_LOHARDAGA_EB.pdf,DH_2011_2011_PART_B_DCHB_LOHARDAGA_EB.csv,0,0
DH_2011_0925_PART_B_DCHB_UNNAO_EB.pdf,DH_2011_0925_PART_B_DCHB_UNNAO_EB.csv,0,0
DH_2011_0917_PART_B_DCHB_MAINPURI_EB.pdf,DH_2011_0917_PART_B_DCHB_MAINPURI_EB.csv,0,0
DH_2011_2731_PART_B_DCHB_SATARA_EB.pdf,DH_2011_2731_PART_B_DCHB_SATARA_EB.csv,0,0
DH_2011_2721_PART_B_DCHB_THANE_EB.pdf,DH_2011_2721_PART_B_DCHB_THANE_EB.csv,0,0
DH_2011_2808_PART_B_DCHB_NALGONDA_EB.pdf,DH_2011_2808_PART_B_DCHB_NALGONDA_EB.csv,0,0
DH_2011_1604_PART_B_DCHB_NORTH_TRIPURA_EB.pdf,DH_2011_1604_PART_B_DCHB_NORTH_TRIPURA_EB.csv,0,0
DH_2011_2924_PART_B_DCHB_CHAMARAJANAGAR_EB.pdf,DH_2011_2924_PART_B_DCHB_CHAMARAJANAGAR_EB.csv,0,0
DH_2011_0314_PART_B_DCHB_PATIALA_EB.pdf,DH_2011_0314_PART_B_DCHB_PATIALA_EB.csv,0,0
DH_2011_2205_PART_B_DCHB_KORBA_EB.pdf,DH_2011_2205_PART_B_DCHB_KORBA_EB.csv,0,0
DH_2011_2328_PART_B_DCHB_SEHORE_EB.pdf,DH_2011_2328_PART_B_DCHB_SEHORE_EB.csv,0,0
DH_2011_2125_PART_B_DCHB_NUAPADA_EB.pdf,DH_2011_2125_PART_B_DCHB_NUAPADA_EB.csv,0,0
DH_2011_0921_PART_B_DCHB_SHAHJAHANPUR_EB.pdf,DH_2011_0921_PART_B_DCHB_SHAHJAHANPUR_EB.csv,0,0
DH_2011_2720_PART_B_DCHB_NASHIK_EB.pdf,DH_2011_2720_PART_B_DCHB_NASHIK_EB.csv,0,0
DH_2011_2337_PART_B_DCHB_MANDLA_EB.pdf,DH_2011_2337_PART_B_DCHB_MANDLA_EB.csv,0,0
DH_2011_0928_PART_B_DCHB_FARRUKHABAD_EB.pdf,DH_2011_0928_PART_B_DCHB_FARRUKHABAD_EB.csv,0,0
DH_2011_0108_PART_B_DCHB_BARAMULA_EB.pdf,DH_2011_0108_PART_B_DCHB_BARAMULA_EB.csv,0,0
DH_2011_1707_PART_B_DCHB_JAINTIA_HILLS_EB.pdf,DH_2011_1707_PART_B_DCHB_JAINTIA_HILLS_EB.csv,0,0
DH_2011_2823_PART_B_DCHB_CHITTOOR_EB.pdf,DH_2011_2823_PART_B_DCHB_CHITTOOR_EB.csv,1,1
DH_2011_2215_PART_B_DCHB_BASTAR_EB.pdf,DH_2011_2215_PART_B_DCHB_BASTAR_EB.csv,0,0
DH_2011_2122_PART_B_DCHB_BAUDH_EB.pdf,DH_2011_2122_PART_B_DCHB_BAUDH_EB.csv,0,0
DH_2011_2216_PART_B_DCHB_NARAYANPUR_EB.pdf,DH_2011_2216_PART_B_DCHB_NARAYANPUR_EB.csv,0,0
DH_2011_0610_PART_B_DCHB_FATEHABAD_EB.pdf,DH_2011_0610_PART_B_DCHB_FATEHABAD_EB.csv,0,0
DH_2011_3402_PART_B_DCHB_PUDUCHERRY_EB.pdf,DH_2011_3402_PART_B_DCHB_PUDUCHERRY_EB.csv,0,0
DH_2011_1816_PART_B_DCHB_DIMA_HASAO_EB.pdf,DH_2011_1816_PART_B_DCHB_DIMA_HASAO_EB.csv,0,0
DH_2011_3001_PART_B_DCHB_NORTH_GOA_EB.pdf,DH_2011_3001_PART_B_DCHB_NORTH_GOA_EB.csv,0,0
DH_2011_1919_PART_B_DCHB_PURBA_MEDINIPUR_EB.pdf,DH_2011_1919_PART_B_DCHB_PURBA_MEDINIPUR_EB.csv,0,0
DH_2011_0828_PART_B_DCHB_CHITTAURGARH_EB.pdf,DH_2011_0828_PART_B_DCHB_CHITTAURGARH_EB.csv,0,0
DH_2011_1001_PART_B_DCHB_PASHCHIM_CHAMPARAN_EB.pdf,DH_2011_1001_PART_B_DCHB_PASHCHIM_CHAMPARAN_EB.csv,0,0
DH_2011_2713_PART_B_DCHB_CHANDRAPUR_EB.pdf,DH_2011_2713_PART_B_DCHB_CHANDRAPUR_EB.csv,0,0
DH_2011_3207_PART_B_DCHB_THRISSUR_EB.pdf,DH_2011_3207_PART_B_DCHB_THRISSUR_EB.csv,0,0
DH_2011_2724_PART_B_DCHB_RAIGARH_EB.pdf,DH_2011_2724_PART_B_DCHB_RAIGARH_EB.csv,0,0
DH_2011_2501_PART_B_DCHB_DIU_EB.pdf,DH_2011_2501_PART_B_DCHB_DIU_EB.csv,0,0
DH_2011_2108_PART_B_DCHB_BALESHWAR_EB.pdf,DH_2011_2108_PART_B_DCHB_BALESHWAR_EB.csv,0,0
DH_2011_2820_PART_B_DCHB_YSR_EB.pdf,DH_2011_2820_PART_B_DCHB_YSR_EB.csv,0,0
DH_2011_0960_PART_B_DCHB_AZAMGARH_EB.pdf,DH_2011_0960_PART_B_DCHB_AZAMGARH_EB.csv,0,0
DH_2011_1303_PART_B_DCHB_ZUNHEBOTO_EB.pdf,DH_2011_1303_PART_B_DCHB_ZUNHEBOTO_EB.csv,0,0
DH_2011_1814_PART_B_DCHB_GOLAGHAT_EB.pdf,DH_2011_1814_PART_B_DCHB_GOLAGHAT_EB.csv,0,0
DH_2011_2719_PART_B_DCHB_AURANGABAD_EB.pdf,DH_2011_2719_PART_B_DCHB_AURANGABAD_EB.csv,1,1
DH_2011_2317_PART_B_DCHB_RATLAM_EB.pdf,DH_2011_2317_PART_B_DCHB_RATLAM_EB.csv,0,0
DH_2011_3314_PART_B_DCHB_PERAMBALUR_EB.pdf,DH_2011_3314_PART_B_DCHB_PERAMBALUR_EB.csv,0,0
DH_2011_2735_PART_B_DCHB_SANGLI_EB.pdf,DH_2011_2735_PART_B_DCHB_SANGLI_EB.csv,0,0
DH_2011_1821_PART_B_DCHB_CHIRANG_EB.pdf,DH_2011_1821_PART_B_DCHB_CHIRANG_EB.csv,0,0
DH_2011_2314_PART_B_DCHB_UMARIA_EB.pdf,DH_2011_2314_PART_B_DCHB_UMARIA_EB.csv,0,0
DH_2011_0929_PART_B_DCHB_KANNAUJ_EB.pdf,DH_2011_0929_PART_B_DCHB_KANNAUJ_EB.csv,0,0
DH_2011_0818_PART_B_DCHB_JALOR_EB.pdf,DH_2011_0818_PART_B_DCHB_JALOR_EB.csv,0,0
DH_2011_0508_PART_B_DCHB_BAGESHWAR_EB.pdf,DH_2011_0508_PART_B_DCHB_BAGESHWAR_EB.csv,0,0
DH_2011_2346_PART_B_DCHB_SINGRAULI_EB.pdf,DH_2011_2346_PART_B_DCHB_SINGRAULI_EB.csv,0,0
DH_2011_3212_PART_B_DCHB_PATHANAMTHITTA_EB.pdf,DH_2011_3212_PART_B_DCHB_PATHANAMTHITTA_EB.csv,0,0
DH_2011_2343_PART_B_DCHB_SHAHDOL_EB.pdf,DH_2011_2343_PART_B_DCHB_SHAHDOL_EB.csv,0,0
DH_2011_0932_PART_B_DCHB_KANPUR_DEHAT_EB.pdf,DH_2011_0932_PART_B_DCHB_KANPUR_DEHAT_EB.csv,0,0
DH_2011_1215_PART_B_DCHB_LOHIT_EB.pdf,DH_2011_1215_PART_B_DCHB_LOHIT_EB.csv,0,0
DH_2011_1504_PART_B_DCHB_CHAMPHAI_EB.pdf,DH_2011_1504_PART_B_DCHB_CHAMPHAI_EB.csv,0,0
DH_2011_1014_PART_B_DCHB_MUZAFFARPUR_EB.pdf,DH_2011_1014_PART_B_DCHB_MUZAFFARPUR_EB.csv,0,0
DH_2011_2322_PART_B_DCHB_INDORE_EB.pdf,DH_2011_2322_PART_B_DCHB_INDORE_EB.csv,0,0
DH_2011_1402_PART_B_DCHB_TAMENGLONG_EB.pdf,DH_2011_1402_PART_B_DCHB_TAMENGLONG_EB.csv,0,0
DH_2011_0916_PART_B_DCHB_FIROZABAD_EB.pdf,DH_2011_0916_PART_B_DCHB_FIROZABAD_EB.csv,0,0
DH_2011_2922_PART_B_DCHB_KODAGU_EB.pdf,DH_2011_2922_PART_B_DCHB_KODAGU_EB.csv,0,0
DH_2011_3304_PART_B_DCHB_VELLORE_EB.pdf,DH_2011_3304_PART_B_DCHB_VELLORE_EB.csv,0,0
DH_2011_1013_PART_B_DCHB_DARBHANGA_EB.pdf,DH_2011_1013_PART_B_DCHB_DARBHANGA_EB.csv,0,0
DH_2011_0114_PART_B_DCHB_ANANTNAG_EB.pdf,DH_2011_0114_PART_B_DCHB_ANANTNAG_EB.csv,0,0
DH_2011_2401_PART_B_DCHB_KACHCHH_EB.pdf,DH_2011_2401_PART_B_DCHB_KACHCHH_EB.csv,0,0
DH_2011_2701_PART_B_DCHB_NANDURBAR_EB.pdf,DH_2011_2701_PART_B_DCHB_NANDURBAR_EB.csv,0,0
DH_2011_0614_PART_B_DCHB_ROHTAK_EB.pdf,DH_2011_0614_PART_B_DCHB_ROHTAK_EB.csv,0,0
DH_2011_0901_PART_B_DCHB_SAHARANPUR_EB.pdf,DH_2011_0901_PART_B_DCHB_SAHARANPUR_EB.csv,1,1
DH_2011_0930_PART_B_DCHB_ETAWAH_EB.pdf,DH_2011_0930_PART_B_DCHB_ETAWAH_EB.csv,0,0
DH_2011_1034_PART_B_DCHB_GAYA_EB.pdf,DH_2011_1034_PART_B_DCHB_GAYA_EB.csv,0,0
DH_2011_0927_PART_B_DCHB_RAE_BARELI_EB.pdf,DH_2011_0927_PART_B_DCHB_RAE_BARELI_EB.csv,0,0
DH_2011_1019_PART_B_DCHB_SAMASTIPUR_EB.pdf,DH_2011_1019_PART_B_DCHB_SAMASTIPUR_EB.csv,0,0
DH_2011_2315_PART_B_DCHB_NEEMUCH_EB.pdf,DH_2011_2315_PART_B_DCHB_NEEMUCH_EB.csv,0,0
DH_2011_2324_PART_B_DCHB_BARWANI_EB.pdf,DH_2011_2324_PART_B_DCHB_BARWANI_EB.csv,0,0
DH_2011_0306_PART_B_DCHB_FATEHGARH_SAHIB_EB.pdf,DH_2011_0306_PART_B_DCHB_FATEHGARH_SAHIB_EB.csv,0,0
DH_2011_3328_PART_B_DCHB_KANNIYAKUMARI_EB.pdf,DH_2011_3328_PART_B_DCHB_KANNIYAKUMARI_EB.csv,0,0
DH_2011_2107_PART_B_DCHB_MAYURBHANJ_EB.pdf,DH_2011_2107_PART_B_DCHB_MAYURBHANJ_EB.csv,0,0
DH_2011_1401_PART_B_DCHB_SENAPATI_EB.pdf,DH_2011_1401_PART_B_DCHB_SENAPATI_EB.csv,0,0
DH_2011_1908_PART_B_DCHB_BIRBHUM_EB.pdf,DH_2011_1908_PART_B_DCHB_BIRBHUM_EB.csv,0,0
DH_2011_2804_PART_B_DCHB_MEDAK_EB.pdf,DH_2011_2804_PART_B_DCHB_MEDAK_EB.csv,0,0
DH_2011_1028_PART_B_DCHB_PATNA_EB.pdf,DH_2011_1028_PART_B_DCHB_PATNA_EB.csv,0,0
DH_2011_2004_PART_B_DCHB_GIRIDIH_EB.pdf,DH_2011_2004_PART_B_DCHB_GIRIDIH_EB.csv,0,0
DH_2011_0942_PART_B_DCHB_PRATAPGARH_EB.pdf,DH_2011_0942_PART_B_DCHB_PRATAPGARH_EB.csv,0,0
DH_2011_2822_PART_B_DCHB_ANANTAPUR_EB.pdf,DH_2011_2822_PART_B_DCHB_ANANTAPUR_EB.csv,0,0
DH_2011_3331_PART_B_DCHB_COIMBATORE_EB.pdf,DH_2011_3331_PART_B_DCHB_COIMBATORE_EB.csv,0,0
DH_2011_1203_PART_B_DCHB_EAST_KAMENG_EB.pdf,DH_2011_1203_PART_B_DCHB_EAST_KAMENG_EB.csv,0,0
DH_2011_2905_PART_B_DCHB_RAICHUR_EB.pdf,DH_2011_2905_PART_B_DCHB_RAICHUR_EB.csv,0,0
DH_2011_1202_PART_B_DCHB_WEST_KAMENG_EB.pdf,DH_2011_1202_PART_B_DCHB_WEST_KAMENG_EB.csv,0,0
DH_2011_1216_PART_B_DCHB_ANJAW_EB.pdf,DH_2011_1216_PART_B_DCHB_ANJAW_EB.csv,0,0
DH_2011_2129_PART_B_DCHB_KORAPUT_EB.pdf,DH_2011_2129_PART_B_DCHB_KORAPUT_EB.csv,0,0
DH_2011_1016_PART_B_DCHB_SIWAN_EB.pdf,DH_2011_1016_PART_B_DCHB_SIWAN_EB.csv,0,0
DH_2011_0301_PART_B_DCHB_GURDASPUR_EB.pdf,DH_2011_0301_PART_B_DCHB_GURDASPUR_EB.csv,0,0
DH_2011_1304_PART_B_DCHB_WOKHA_EB.pdf,DH_2011_1304_PART_B_DCHB_WOKHA_EB.csv,0,0
DH_2011_2902_PART_B_DCHB_BAGALKOT_EB.pdf,DH_2011_2902_PART_B_DCHB_BAGALKOT_EB.csv,0,0
DH_2011_1904_PART_B_DCHB_UTTAR_DINAJPUR_EB.pdf,DH_2011_1904_PART_B_DCHB_UTTAR_DINAJPUR_EB.csv,0,0
DH_2011_0919_PART_B_DCHB_BAREILLY_EB.pdf,DH_2011_0919_PART_B_DCHB_BAREILLY_EB.csv,0,0
DH_2011_2203_PART_B_DCHB_JASHPUR_EB.pdf,DH_2011_2203_PART_B_DCHB_JASHPUR_EB.csv,0,0
DH_2011_3330_PART_B_DCHB_KRISHNAGIRI_EB.pdf,DH_2011_3330_PART_B_DCHB_KRISHNAGIRI_EB.csv,0,0
DH_2011_0512_PART_B_DCHB_UDHAM_SINGH_NAGAR_EB.pdf,DH_2011_0512_PART_B_DCHB_UDHAM_SINGH_NAGAR_EB.csv,0,0
DH_2011_0948_PART_B_DCHB_SULTANPUR_EB.pdf,DH_2011_0948_PART_B_DCHB_SULTANPUR_EB.csv,0,0
DH_2011_0113_PART_B_DCHB_SUPHIYAN_EB.pdf,DH_2011_0113_PART_B_DCHB_SUPHIYAN_EB.csv,0,0
DH_2011_2725_PART_B_DCHB_PUNE_EB.pdf,DH_2011_2725_PART_B_DCHB_PUNE_EB.csv,1,1
DH_2011_0319_PART_B_DCHB_SANGRUR_EB.pdf,DH_2011_0319_PART_B_DCHB_SANGRUR_EB.csv,0,0
DH_2011_3326_PART_B_DCHB_THOOTHUKKUDI_EB.pdf,DH_2011_3326_PART_B_DCHB_THOOTHUKKUDI_EB.csv,0,0
DH_2011_1408_PART_B_DCHB_UKHRUL_EB.pdf,DH_2011_1408_PART_B_DCHB_UKHRUL_EB.csv,0,0
DH_2011_2103_PART_B_DCHB_SAMBALPUR_EB.pdf,DH_2011_2103_PART_B_DCHB_SAMBALPUR_EB.csv,0,0
DH_2011_3329_PART_B_DCHB_DHARMAPURI_EB.pdf,DH_2011_3329_PART_B_DCHB_DHARMAPURI_EB.csv,0,0
DH_2011_0936_PART_B_DCHB_LALITPUR_EB.pdf,DH_2011_0936_PART_B_DCHB_LALITPUR_EB.csv,0,0
DH_2011_0618_PART_B_DCHB_GURGAON_EB.pdf,DH_2011_0618_PART_B_DCHB_GURGAON_EB.csv,0,0
DH_2011_2201_PART_B_DCHB_KORIYA_EB.pdf,DH_2011_2201_PART_B_DCHB_KORIYA_EB.csv,0,0
DH_2011_1030_PART_B_DCHB_BUXAR_EB.pdf,DH_2011_1030_PART_B_DCHB_BUXAR_EB.csv,0,0
DH_2011_0501_PART_B_DCHB_UTTARKASHI_EB.pdf,DH_2011_0501_PART_B_DCHB_UTTARKASHI_EB.csv,0,0
DH_2011_2002_PART_B_DCHB_CHATRA_EB.pdf,DH_2011_2002_PART_B_DCHB_CHATRA_EB.csv,0,0
DH_2011_2127_PART_B_DCHB_RAYAGADA_EB.pdf,DH_2011_2127_PART_B_DCHB_RAYAGADA_EB.csv,0,0
DH_2011_0821_PART_B_DCHB_AJMER_EB.pdf,DH_2011_0821_PART_B_DCHB_AJMER_EB.csv,0,0
DH_2011_2014_PART_B_DCHB_LATEHAR_EB.pdf,DH_2011_2014_PART_B_DCHB_LATEHAR_EB.csv,0,0
DH_2011_2118_PART_B_DCHB_PURI_EB.pdf,DH_2011_2118_PART_B_DCHB_PURI_EB.csv,0,0
DH_2011_0813_PART_B_DCHB_SIKAR_EB.pdf,DH_2011_0813_PART_B_DCHB_SIKAR_EB.csv,0,0
DH_2011_1017_PART_B_DCHB_SARAN_EB.pdf,DH_2011_1017_PART_B_DCHB_SARAN_EB.csv,0,0
DH_2011_2349_PART_B_DCHB_KHANDWA_EAST_NIMAR_EB.pdf,DH_2011_2349_PART_B_DCHB_KHANDWA_EAST_NIMAR_EB.csv,0,0
DH_2011_0950_PART_B_DCHB_SHRAWASTI_EB.pdf,DH_2011_0950_PART_B_DCHB_SHRAWASTI_EB.csv,0,0
DH_2011_1015_PART_B_DCHB_GOPALGANJ_EB.pdf,DH_2011_1015_PART_B_DCHB_GOPALGANJ_EB.csv,0,0
DH_2011_2345_PART_B_DCHB_SIDHI_EB.pdf,DH_2011_2345_PART_B_DCHB_SIDHI_EB.csv,0,0
DH_2011_2020_PART_B_DCHB_KHUNTI_EB.pdf,DH_2011_2020_PART_B_DCHB_KHUNTI_EB.csv,0,0
DH_2011_1803_PART_B_DCHB_GOALPARA_EB.pdf,DH_2011_1803_PART_B_DCHB_GOALPARA_EB.csv,0,0
DH_2011_0903_PART_B_DCHB_BIJNOR_EB.pdf,DH_2011_0903_PART_B_DCHB_BIJNOR_EB.csv,0,0
DH_2011_2022_PART_B_DCHB_SIMDEGA_EB.pdf,DH_2011_2022_PART_B_DCHB_SIMDEGA_EB.csv,0,0
DH_2011_2341_PART_B_DCHB_GUNA_EB.pdf,DH_2011_2341_PART_B_DCHB_GUNA_EB.csv,0,0
DH_2011_0955_PART_B_DCHB_SANT_KABIR_NAGAR_EB.pdf,DH_2011_0955_PART_B_DCHB_SANT_KABIR_NAGAR_EB.csv,0,0
DH_2011_3325_PART_B_DCHB_RAMANATHAPURAM_EB.pdf,DH_2011_3325_PART_B_DCHB_RAMANATHAPURAM_EB.csv,0,0
DH_2011_2113_PART_B_DCHB_JAJAPUR_EB.pdf,DH_2011_2113_PART_B_DCHB_JAJAPUR_EB.csv,0,0
DH_2011_0823_PART_B_DCHB_BUNDI_EB.pdf,DH_2011_0823_PART_B_DCHB_BUNDI_EB.csv,0,0
DH_2011_0118_PART_B_DCHB_KISHTWAR_EB.pdf,DH_2011_0118_PART_B_DCHB_KISHTWAR_EB.csv,0,0
DH_2011_1813_PART_B_DCHB_JORHAT_EB.pdf,DH_2011_1813_PART_B_DCHB_JORHAT_EB.csv,0,0
DH_2011_0204_PART_B_DCHB_KULLU_EB.pdf,DH_2011_0204_PART_B_DCHB_KULLU_EB.csv,0,0
DH_2011_0106_PART_B_DCHB_RAJOURI_EB.pdf,DH_2011_0106_PART_B_DCHB_RAJOURI_EB.csv,0,0
DH_2011_2023_PART_B_DCHB_PASHCHIMI_SINGHBHUM_EB.pdf,DH_2011_2023_PART_B_DCHB_PASHCHIMI_SINGHBHUM_EB.csv,0,0
DH_2011_1909_PART_B_DCHB_BARDDHAMAN_EB.pdf,DH_2011_1909_PART_B_DCHB_BARDDHAMAN_EB.csv,0,0
DH_2011_0804_PART_B_DCHB_CHURU_EB.pdf,DH_2011_0804_PART_B_DCHB_CHURU_EB.csv,0,0
DH_2011_2904_PART_B_DCHB_BIDAR_EB.pdf,DH_2011_2904_PART_B_DCHB_BIDAR_EB.csv,0,0
DH_2011_0608_PART_B_DCHB_SONIPAT_EB.pdf,DH_2011_0608_PART_B_DCHB_SONIPAT_EB.csv,0,0
DH_2011_0937_PART_B_DCHB_HAMIRPUR_EB.pdf,DH_2011_0937_PART_B_DCHB_HAMIRPUR_EB.csv,0,0
DH_2011_2305_PART_B_DCHB_DATIA_EB.pdf,DH_2011_2305_PART_B_DCHB_DATIA_EB.csv,0,0
DH_2011_1704_PART_B_DCHB_WEST_KHASI_HILLS_EB.pdf,DH_2011_1704_PART_B_DCHB_WEST_KHASI_HILLS_EB.csv,0,0
DH_2011_1204_PART_B_DCHB_PAPUM_PARE_EB.pdf,DH_2011_1204_PART_B_DCHB_PAPUM_PARE_EB.csv,0,0
DH_2011_0619_PART_B_DCHB_MEWAT_EB.pdf,DH_2011_0619_PART_B_DCHB_MEWAT_EB.csv,0,0
DH_2011_0310_PART_B_DCHB_MUKTSAR_EB.pdf,DH_2011_0310_PART_B_DCHB_MUKTSAR_EB.csv,0,0
DH_2011_1706_PART_B_DCHB_EAST_KHASI_HILLS_EB.pdf,DH_2011_1706_PART_B_DCHB_EAST_KHASI_HILLS_EB.csv,0,0
DH_2011_2213_PART_B_DCHB_DHAMTARI_EB.pdf,DH_2011_2213_PART_B_DCHB_DHAMTARI_EB.csv,0,0
DH_2011_1405_PART_B_DCHB_THOUBAL_EB.pdf,DH_2011_1405_PART_B_DCHB_THOUBAL_EB.csv,0,0
DH_2011_0107_PART_B_DCHB_KATHUA_EB.pdf,DH_2011_0107_PART_B_DCHB_KATHUA_EB.csv,0,0
DH_2011_0918_PART_B_DCHB_BUDAUN_EB.pdf,DH_2011_0918_PART_B_DCHB_BUDAUN_EB.csv,0,0
DH_2011_0830_PART_B_DCHB_BARAN_EB.pdf,DH_2011_0830_PART_B_DCHB_BARAN_EB.csv,0,0
DH_2011_1003_PART_B_DCHB_SHEOHAR_EB.pdf,DH_2011_1003_PART_B_DCHB_SHEOHAR_EB.csv,0,0
DH_2011_2910_PART_B_DCHB_HAVERI_EB.pdf,DH_2011_2910_PART_B_DCHB_HAVERI_EB.csv,0,0
DH_2011_2318_PART_B_DCHB_UJJAIN_EB.pdf,DH_2011_2318_PART_B_DCHB_UJJAIN_EB.csv,0,0
DH_2011_2409_PART_B_DCHB_RAJKOT_EB.pdf,DH_2011_2409_PART_B_DCHB_RAJKOT_EB.csv,0,0
DH_2011_2323_PART_B_DCHB_KHARGONE_WEST_NIMAR_EB.pdf,DH_2011_2323_PART_B_DCHB_KHARGONE_WEST_NIMAR_EB.csv,0,0
DH_2011_2329_PART_B_DCHB_RAISEN_EB.pdf,DH_2011_2329_PART_B_DCHB_RAISEN_EB.csv,0,0
DH_2011_0944_PART_B_DCHB_ALLAHABAD_EB.pdf,DH_2011_0944_PART_B_DCHB_ALLAHABAD_EB.csv,0,0
DH_2011_2114_PART_B_DCHB_DHENKANAL_EB.pdf,DH_2011_2114_PART_B_DCHB_DHENKANAL_EB.csv,0,0
DH_2011_0617_PART_B_DCHB_REWARI_EB.pdf,DH_2011_0617_PART_B_DCHB_REWARI_EB.csv,0,0
DH_2011_0971_PART_B_DCHB_KANSHIRAM_NAGAR_EB.pdf,DH_2011_0971_PART_B_DCHB_KANSHIRAM_NAGAR_EB.csv,0,0
DH_2011_0611_PART_B_DCHB_SIRSA_EB.pdf,DH_2011_0611_PART_B_DCHB_SIRSA_EB.csv,0,0
DH_2011_0832_PART_B_DCHB_UDAIPUR_EB.pdf,DH_2011_0832_PART_B_DCHB_UDAIPUR_EB.csv,0,0
DH_2011_0317_PART_B_DCHB_RUPNAGAR_EB.pdf,DH_2011_0317_PART_B_DCHB_RUPNAGAR_EB.csv,0,0
DH_2011_3401_PART_B_DCHB_YANAM_EB.pdf,DH_2011_3401_PART_B_DCHB_YANAM_EB.csv,0,0
DH_2011_2422_PART_B_DCHB_THE_DANGS_EB.pdf,DH_2011_2422_PART_B_DCHB_THE_DANGS_EB.csv,0,0
DH_2011_1819_PART_B_DCHB_HAILAKANDI_EB.pdf,DH_2011_1819_PART_B_DCHB_HAILAKANDI_EB.csv,0,0
DH_2011_0511_PART_B_DCHB_NAINITAL_EB.pdf,DH_2011_0511_PART_B_DCHB_NAINITAL_EB.csv,0,0
DH_2011_1031_PART_B_DCHB_KAIMUR_BHABUA_EB.pdf,DH_2011_1031_PART_B_DCHB_KAIMUR_BHABUA_EB.csv,0,0
DH_2011_0609_PART_B_DCHB_JIND_EB.pdf,DH_2011_0609_PART_B_DCHB_JIND_EB.csv,0,0
DH_2011_1804_PART_B_DCHB_BARPETA_EB.pdf,DH_2011_1804_PART_B_DCHB_BARPETA_EB.csv,0,0
DH_2011_1033_PART_B_DCHB_AURANGABAD_EB.pdf,DH_2011_1033_PART_B_DCHB_AURANGABAD_EB.csv,0,0
DH_2011_2930_PART_B_DCHB_RAMANAGARA_EB.pdf,DH_2011_2930_PART_B_DCHB_RAMANAGARA_EB.csv,0,0
DH_2011_0119_PART_B_DCHB_UDHAMPUR_EB.pdf,DH_2011_0119_PART_B_DCHB_UDHAMPUR_EB.csv,0,0
DH_2011_1907_PART_B_DCHB_MURSHIDABAD_EB.pdf,DH_2011_1907_PART_B_DCHB_MURSHIDABAD_EB.csv,0,0
DH_2011_0931_PART_B_DCHB_AURAIYA_EB.pdf,DH_2011_0931_PART_B_DCHB_AURAIYA_EB.csv,0,0
DH_2011_0105_PART_B_DCHB_PUNCH_EB.pdf,DH_2011_0105_PART_B_DCHB_PUNCH_EB.csv,0,0
DH_2011_0208_PART_B_DCHB_BILASPUR_EB.pdf,DH_2011_0208_PART_B_DCHB_BILASPUR_EB.csv,0,0
DH_2011_2013_PART_B_DCHB_PALAMU_EB.pdf,DH_2011_2013_PART_B_DCHB_PALAMU_EB.csv,0,0
DH_2011_1917_PART_B_DCHB_SOUTH_TWENTY_FOUR_PARGANAS_EB.pdf,DH_2011_1917_PART_B_DCHB_SOUTH_TWENTY_FOUR_PARGANAS_EB.csv,0,0
DH_2011_2311_PART_B_DCHB_DAMOH_EB.pdf,DH_2011_2311_PART_B_DCHB_DAMOH_EB.csv,0,0
DH_2011_0909_PART_B_DCHB_GHAZIABAD_EB.pdf,DH_2011_0909_PART_B_DCHB_GHAZIABAD_EB.csv,0,0
DH_2011_1507_PART_B_DCHB_LAWNGTLAI_EB.pdf,DH_2011_1507_PART_B_DCHB_LAWNGTLAI_EB.csv,0,0
DH_2011_3203_PART_B_DCHB_WAYANAD_EB.pdf,DH_2011_3203_PART_B_DCHB_WAYANAD_EB.csv,0,0
DH_2011_2007_PART_B_DCHB_SAHIBGANJ_EB.pdf,DH_2011_2007_PART_B_DCHB_SAHIBGANJ_EB.csv,0,0
DH_2011_2727_PART_B_DCHB_BID_EB.pdf,DH_2011_2727_PART_B_DCHB_BID_EB.csv,0,0
DH_2011_1100_PART_B_DCHB_SIKKIM_EB.pdf,DH_2011_1100_PART_B_DCHB_SIKKIM_EB.csv,0,0
DH_2011_0112_PART_B_DCHB_PULWAMA_EB.pdf,DH_2011_0112_PART_B_DCHB_PULWAMA_EB.csv,0,0
DH_2011_2817_PART_B_DCHB_GUNTUR_EB.pdf,DH_2011_2817_PART_B_DCHB_GUNTUR_EB.csv,0,0
DH_2011_3317_PART_B_DCHB_NAGAPATTINAM_EB.pdf,DH_2011_3317_PART_B_DCHB_NAGAPATTINAM_EB.csv,0,0
DH_2011_0307_PART_B_DCHB_LUDHIANA_EB.pdf,DH_2011_0307_PART_B_DCHB_LUDHIANA_EB.csv,0,0
DH_2011_0606_PART_B_DCHB_KARNAL_EB.pdf,DH_2011_0606_PART_B_DCHB_KARNAL_EB.csv,0,0
DH_2011_3306_PART_B_DCHB_VILUPPURAM_EB.pdf,DH_2011_3306_PART_B_DCHB_VILUPPURAM_EB.csv,0,0
DH_2011_0116_PART_B_DCHB_DODA_EB.pdf,DH_2011_0116_PART_B_DCHB_DODA_EB.csv,0,0
DH_2011_2420_PART_B_DCHB_NARMADA_EB.pdf,DH_2011_2420_PART_B_DCHB_NARMADA_EB.csv,0,0
DH_2011_1812_PART_B_DCHB_SIVASAGAR_EB.pdf,DH_2011_1812_PART_B_DCHB_SIVASAGAR_EB.csv,0,0
DH_2011_2207_PART_B_DCHB_BILASPUR_EB.pdf,DH_2011_2207_PART_B_DCHB_BILASPUR_EB.csv,0,0
DH_2011_0913_PART_B_DCHB_MAHAMAYA_NAGAR_EB.pdf,DH_2011_0913_PART_B_DCHB_MAHAMAYA_NAGAR_EB.csv,0,0
DH_2011_3310_PART_B_DCHB_THE_NILGIRIS_EB.pdf,DH_2011_3310_PART_B_DCHB_THE_NILGIRIS_EB.csv,0,0
DH_2011_1817_PART_B_DCHB_CACHAR_EB.pdf,DH_2011_1817_PART_B_DCHB_CACHAR_EB.csv,0,0
DH_2011_0316_PART_B_DCHB_TARN_TARAN_EB.pdf,DH_2011_0316_PART_B_DCHB_TARN_TARAN_EB.csv,0,0
DH_2011_1503_PART_B_DCHB_AIZAWL_EB.pdf,DH_2011_1503_PART_B_DCHB_AIZAWL_EB.csv,0,0
DH_2011_2331_PART_B_DCHB_HARDA_EB.pdf,DH_2011_2331_PART_B_DCHB_HARDA_EB.csv,0,0
DH_2011_2726_PART_B_DCHB_AHMADNAGAR_EB.pdf,DH_2011_2726_PART_B_DCHB_AHMADNAGAR_EB.csv,0,0
DH_2011_1912_PART_B_DCHB_HUGLI_EB.pdf,DH_2011_1912_PART_B_DCHB_HUGLI_EB.csv,0,0
DH_2011_1307_PART_B_DCHB_TUENSANG_EB.pdf,DH_2011_1307_PART_B_DCHB_TUENSANG_EB.csv,0,0
DH_2011_0122_PART_B_DCHB_SAMBA_EB.pdf,DH_2011_0122_PART_B_DCHB_SAMBA_EB.csv,0,0
DH_2011_1210_PART_B_DCHB_TIRAP_EB.pdf,DH_2011_1210_PART_B_DCHB_TIRAP_EB.csv,0,0
DH_2011_2217_PART_B_DCHB_DAKSHIN_BASTAR_DANTEWADA_EB.pdf,DH_2011_2217_PART_B_DCHB_DAKSHIN_BASTAR_DANTEWADA_EB.csv,0,0
DH_2011_0621_PART_B_DCHB_PALWAL_EB.pdf,DH_2011_0621_PART_B_DCHB_PALWAL_EB.csv,0,0
DH_2011_2927_PART_B_DCHB_KOLAR_EB.pdf,DH_2011_2927_PART_B_DCHB_KOLAR_EB.csv,0,0
DH_2011_2301_PART_B_DCHB_SHEOPUR_EB.pdf,DH_2011_2301_PART_B_DCHB_SHEOPUR_EB.csv,0,0
DH_2011_1310_PART_B_DCHB_KOHIMA_EB.pdf,DH_2011_1310_PART_B_DCHB_KOHIMA_EB.csv,0,0
DH_2011_1007_PART_B_DCHB_ARARIA_EB.pdf,DH_2011_1007_PART_B_DCHB_ARARIA_EB.csv,0,0
DH_2011_1406_PART_B_DCHB_IMPHAL_WEST_EB.pdf,DH_2011_1406_PART_B_DCHB_IMPHAL_WEST_EB.csv,0,0
DH_2011_2413_PART_B_DCHB_AMRELI_EB.pdf,DH_2011_2413_PART_B_DCHB_AMRELI_EB.csv,0,0
DH_2011_2734_PART_B_DCHB_KOLHAPUR_EB.pdf,DH_2011_2734_PART_B_DCHB_KOLHAPUR_EB.csv,0,0
DH_2011_2102_PART_B_DCHB_JHARSUGUDA_EB.pdf,DH_2011_2102_PART_B_DCHB_JHARSUGUDA_EB.csv,0,0
DH_2011_1811_PART_B_DCHB_DIBRUGARH_EB.pdf,DH_2011_1811_PART_B_DCHB_DIBRUGARH_EB.csv,0,0
DH_2011_1012_PART_B_DCHB_SAHARSA_EB.pdf,DH_2011_1012_PART_B_DCHB_SAHARSA_EB.csv,0,0
DH_2011_2016_PART_B_DCHB_RAMGARH_EB.pdf,DH_2011_2016_PART_B_DCHB_RAMGARH_EB.csv,0,0
DH_2011_1822_PART_B_DCHB_KAMRUP_EB.pdf,DH_2011_1822_PART_B_DCHB_KAMRUP_EB.csv,0,0
DH_2011_0824_PART_B_DCHB_BHILWARA_EB.pdf,DH_2011_0824_PART_B_DCHB_BHILWARA_EB.csv,0,0
DH_2011_2012_PART_B_DCHB_PURBI_SINGHBHUM_EB.pdf,DH_2011_2012_PART_B_DCHB_PURBI_SINGHBHUM_EB.csv,0,0
DH_2011_0309_PART_B_DCHB_FIROZPUR_EB.pdf,DH_2011_0309_PART_B_DCHB_FIROZPUR_EB.csv,0,0
DH_2011_0111_PART_B_DCHB_GANDERBAL_EB.pdf,DH_2011_0111_PART_B_DCHB_GANDERBAL_EB.csv,0,0
DH_2011_2412_PART_B_DCHB_JUNAGADH_EB.pdf,DH_2011_2412_PART_B_DCHB_JUNAGADH_EB.csv,0,0
DH_2011_1024_PART_B_DCHB_MUNGER_EB.pdf,DH_2011_1024_PART_B_DCHB_MUNGER_EB.csv,0,0
DH_2011_2812_PART_B_DCHB_VIZIANAGARAM_EB.pdf,DH_2011_2812_PART_B_DCHB_VIZIANAGARAM_EB.csv,0,0
DH_2011_2128_PART_B_DCHB_NABARANGAPUR_EB.pdf,DH_2011_2128_PART_B_DCHB_NABARANGAPUR_EB.csv,0,0
DH_2011_2005_PART_B_DCHB_DEOGHAR_EB.pdf,DH_2011_2005_PART_B_DCHB_DEOGHAR_EB.csv,0,0
DH_2011_0801_PART_B_DCHB_GANGANAGAR_EB.pdf,DH_2011_0801_PART_B_DCHB_GANGANAGAR_EB.csv,0,0
DH_2011_0922_PART_B_DCHB_KHERI_EB.pdf,DH_2011_0922_PART_B_DCHB_KHERI_EB.csv,0,0
DH_2011_2121_PART_B_DCHB_KANDHAMAL_EB.pdf,DH_2011_2121_PART_B_DCHB_KANDHAMAL_EB.csv,0,0
DH_2011_0939_PART_B_DCHB_BANDA_EB.pdf,DH_2011_0939_PART_B_DCHB_BANDA_EB.csv,0,0
DH_2011_2816_PART_B_DCHB_KRISHNA_EB.pdf,DH_2011_2816_PART_B_DCHB_KRISHNA_EB.csv,0,0
DH_2011_2722_PART_B_DCHB_MUMBAI_SUBURBAN_EB.pdf,DH_2011_2722_PART_B_DCHB_MUMBAI_SUBURBAN_EB.csv,1,1
DH_2011_2815_PART_B_DCHB_WEST_GODAVARI_EB.pdf,DH_2011_2815_PART_B_DCHB_WEST_GODAVARI_EB.csv,0,0
DH_2011_2418_PART_B_DCHB_DOHAD_EB.pdf,DH_2011_2418_PART_B_DCHB_DOHAD_EB.csv,0,0
DH_2011_1802_PART_B_DCHB_DHUBRI_EB.pdf,DH_2011_1802_PART_B_DCHB_DHUBRI_EB.csv,0,0
DH_2011_3327_PART_B_DCHB_TIRUNELVELI_EB.pdf,DH_2011_3327_PART_B_DCHB_TIRUNELVELI_EB.csv,0,0
DH_2011_0926_PART_B_DCHB_LUCKNOW_EB.pdf,DH_2011_0926_PART_B_DCHB_LUCKNOW_EB.csv,0,0
DH_2011_0506_PART_B_DCHB_GARHWAL_EB.pdf,DH_2011_0506_PART_B_DCHB_GARHWAL_EB.csv,0,0
DH_2011_1023_PART_B_DCHB_BANKA_EB.pdf,DH_2011_1023_PART_B_DCHB_BANKA_EB.csv,0,0
DH_2011_0940_PART_B_DCHB_CHITRAKOOT_EB.pdf,DH_2011_0940_PART_B_DCHB_CHITRAKOOT_EB.csv,0,0
DH_2011_1820_PART_B_DCHB_BONGAIGAON_EB.pdf,DH_2011_1820_PART_B_DCHB_BONGAIGAON_EB.csv,0,0
DH_2011_0966_PART_B_DCHB_VARANASI_EB.pdf,DH_2011_0966_PART_B_DCHB_VARANASI_EB.csv,0,0
DH_2011_2130_PART_B_DCHB_MALKANGIRI_EB.pdf,DH_2011_2130_PART_B_DCHB_MALKANGIRI_EB.csv,0,0
DH_2011_2730_PART_B_DCHB_SOLAPUR_EB.pdf,DH_2011_2730_PART_B_DCHB_SOLAPUR_EB.csv,0,0
DH_2011_1705_PART_B_DCHB_RIBHOI_EB.pdf,DH_2011_1705_PART_B_DCHB_RIBHOI_EB.csv,0,0
DH_2011_0956_PART_B_DCHB_MAHRAJGANJ_EB.pdf,DH_2011_0956_PART_B_DCHB_MAHRAJGANJ_EB.csv,0,0
DH_2011_2010_PART_B_DCHB_BOKARO_EB.pdf,DH_2011_2010_PART_B_DCHB_BOKARO_EB.csv,0,0
DH_2011_1006_PART_B_DCHB_SUPAUL_EB.pdf,DH_2011_1006_PART_B_DCHB_SUPAUL_EB.csv,0,0
DH_2011_1823_PART_B_DCHB_KAMRUP_METROPOLITAN_EB.pdf,DH_2011_1823_PART_B_DCHB_KAMRUP_METROPOLITAN_EB.csv,0,0
DH_2011_2333_PART_B_DCHB_KATNI_EB.pdf,DH_2011_2333_PART_B_DCHB_KATNI_EB.csv,0,0
DH_2011_2347_PART_B_DCHB_JHABUA_EB.pdf,DH_2011_2347_PART_B_DCHB_JHABUA_EB.csv,0,0
DH_2011_0613_PART_B_DCHB_BHIWANI_EB.pdf,DH_2011_0613_PART_B_DCHB_BHIWANI_EB.csv,0,0
DH_2011_2214_PART_B_DCHB_UTTAR_BASTAR_KANKER_EB.pdf,DH_2011_2214_PART_B_DCHB_UTTAR_BASTAR_KANKER_EB.csv,0,0
DH_2011_1026_PART_B_DCHB_SHEIKHPURA_EB.pdf,DH_2011_1026_PART_B_DCHB_SHEIKHPURA_EB.csv,0,0
DH_2011_2921_PART_B_DCHB_DAKSHINA_KANNADA_EB.pdf,DH_2011_2921_PART_B_DCHB_DAKSHINA_KANNADA_EB.csv,0,0
DH_2011_1910_PART_B_DCHB_NADIA_EB.pdf,DH_2011_1910_PART_B_DCHB_NADIA_EB.csv,0,0
DH_2011_0935_PART_B_DCHB_JHANSI_EB.pdf,DH_2011_0935_PART_B_DCHB_JHANSI_EB.csv,0,0
DH_2011_3211_PART_B_DCHB_ALAPPUZHA_EB.pdf,DH_2011_3211_PART_B_DCHB_ALAPPUZHA_EB.csv,0,0
DH_2011_1022_PART_B_DCHB_BHAGALPUR_EB.pdf,DH_2011_1022_PART_B_DCHB_BHAGALPUR_EB.csv,0,0
DH_2011_1409_PART_B_DCHB_CHANDEL_EB.pdf,DH_2011_1409_PART_B_DCHB_CHANDEL_EB.csv,0,0
DH_2011_2821_PART_B_DCHB_KURNOOL_EB.pdf,DH_2011_2821_PART_B_DCHB_KURNOOL_EB.csv,0,0
DH_2011_0914_PART_B_DCHB_MATHURA_EB.pdf,DH_2011_0914_PART_B_DCHB_MATHURA_EB.csv,0,0
DH_2011_2019_PART_B_DCHB_RANCHI_EB.pdf,DH_2011_2019_PART_B_DCHB_RANCHI_EB.csv,0,0
DH_2011_1020_PART_B_DCHB_BEGUSARAI_EB.pdf,DH_2011_1020_PART_B_DCHB_BEGUSARAI_EB.csv,0,0
DH_2011_2419_PART_B_DCHB_VADODARA_EB.pdf,DH_2011_2419_PART_B_DCHB_VADODARA_EB.csv,0,0
DH_2011_0826_PART_B_DCHB_DUNGARPUR_EB.pdf,DH_2011_0826_PART_B_DCHB_DUNGARPUR_EB.csv,0,0
DH_2011_0601_PART_B_DCHB_PANCHKULA_EB.pdf,DH_2011_0601_PART_B_DCHB_PANCHKULA_EB.csv,0,0
DH_2011_2918_PART_B_DCHB_BANGALORE_EB.pdf,DH_2011_2918_PART_B_DCHB_BANGALORE_EB.csv,1,1
DH_2011_1306_PART_B_DCHB_PHEK_EB.pdf,DH_2011_1306_PART_B_DCHB_PHEK_EB.csv,0,0
DH_2011_0810_PART_B_DCHB_SAWAI_MADHOPUR_EB.pdf,DH_2011_0810_PART_B_DCHB_SAWAI_MADHOPUR_EB.csv,0,0
DH_2011_2212_PART_B_DCHB_MAHASAMUND_EB.pdf,DH_2011_2212_PART_B_DCHB_MAHASAMUND_EB.csv,0,0
DH_2011_0615_PART_B_DCHB_JHAJJAR_EB.pdf,DH_2011_0615_PART_B_DCHB_JHAJJAR_EB.csv,0,0
DH_2011_2926_PART_B_DCHB_YADGIR_EB.pdf,DH_2011_2926_PART_B_DCHB_YADGIR_EB.csv,0,0
DH_2011_2928_PART_B_DCHB_CHIKKABALLAPURA_EB.pdf,DH_2011_2928_PART_B_DCHB_CHIKKABALLAPURA_EB.csv,0,0
DH_2011_2417_PART_B_DCHB_PANCH_MAHALS_EB.pdf,DH_2011_2417_PART_B_DCHB_PANCH_MAHALS_EB.csv,0,0
DH_2011_2111_PART_B_DCHB_JAGATSINGHAPUR_EB.pdf,DH_2011_2111_PART_B_DCHB_JAGATSINGHAPUR_EB.csv,0,0
DH_2011_3316_PART_B_DCHB_CUDDALORE_EB.pdf,DH_2011_3316_PART_B_DCHB_CUDDALORE_EB.csv,0,0
DH_2011_0829_PART_B_DCHB_KOTA_EB.pdf,DH_2011_0829_PART_B_DCHB_KOTA_EB.csv,0,0
DH_2011_0201_PART_B_DCHB_CHAMBA_EB.pdf,DH_2011_0201_PART_B_DCHB_CHAMBA_EB.csv,0,0
DH_2011_2915_PART_B_DCHB_UDUPI_EB.pdf,DH_2011_2915_PART_B_DCHB_UDUPI_EB.csv,0,0
DH_2011_0308_PART_B_DCHB_MOGA_EB.pdf,DH_2011_0308_PART_B_DCHB_MOGA_EB.csv,0,0
DH_2011_1902_PART_B_DCHB_JALPAIGURI_EB.pdf,DH_2011_1902_PART_B_DCHB_JALPAIGURI_EB.csv,0,0
DH_2011_2348_PART_B_DCHB_ALIRAJPUR_EB.pdf,DH_2011_2348_PART_B_DCHB_ALIRAJPUR_EB.csv,0,0
DH_2011_2321_PART_B_DCHB_DHAR_EB.pdf,DH_2011_2321_PART_B_DCHB_DHAR_EB.csv,0,0
DH_2011_0947_PART_B_DCHB_AMBEDKAR_NAGAR_EB.pdf,DH_2011_0947_PART_B_DCHB_AMBEDKAR_NAGAR_EB.csv,0,0
DH_2011_2327_PART_B_DCHB_BHOPAL_EB.pdf,DH_2011_2327_PART_B_DCHB_BHOPAL_EB.csv,0,0
DH_2011_1008_PART_B_DCHB_KISHANGANJ_EB.pdf,DH_2011_1008_PART_B_DCHB_KISHANGANJ_EB.csv,0,0
DH_2011_2426_PART_B_DCHB_TAPI_EB.pdf,DH_2011_2426_PART_B_DCHB_TAPI_EB.csv,0,0
DH_2011_1701_PART_B_DCHB_WEST_GARO_HILLS_EB.pdf,DH_2011_1701_PART_B_DCHB_WEST_GARO_HILLS_EB.csv,0,0
DH_2011_0965_PART_B_DCHB_CHANDAULI_EB.pdf,DH_2011_0965_PART_B_DCHB_CHANDAULI_EB.csv,0,0
DH_2011_2308_PART_B_DCHB_CHHATARPUR_EB.pdf,DH_2011_2308_PART_B_DCHB_CHHATARPUR_EB.csv,0,0
DH_2011_2009_PART_B_DCHB_DHANBAD_EB.pdf,DH_2011_2009_PART_B_DCHB_DHANBAD_EB.csv,0,0
DH_2011_3403_PART_B_DCHB_MAHE_EB.pdf,DH_2011_3403_PART_B_DCHB_MAHE_EB.csv,0,0
DH_2011_1825_PART_B_DCHB_BAKSA_EB.pdf,DH_2011_1825_PART_B_DCHB_BAKSA_EB.csv,0,0
DH_2011_1916_PART_B_DCHB_KOLKATA_EB.pdf,DH_2011_1916_PART_B_DCHB_KOLKATA_EB.csv,0,0
DH_2011_0209_PART_B_DCHB_SOLAN_EB.pdf,DH_2011_0209_PART_B_DCHB_SOLAN_EB.csv,0,0
DH_2011_1903_PART_B_DCHB_KOCH_BIHAR_EB.pdf,DH_2011_1903_PART_B_DCHB_KOCH_BIHAR_EB.csv,0,0
DH_2011_2917_PART_B_DCHB_TUMKUR_EB.pdf,DH_2011_2917_PART_B_DCHB_TUMKUR_EB.csv,0,0
DH_2011_3209_PART_B_DCHB_IDUKKI_EB.pdf,DH_2011_3209_PART_B_DCHB_IDUKKI_EB.csv,0,0
DH_2011_2335_PART_B_DCHB_NARSIMHAPUR_EB.pdf,DH_2011_2335_PART_B_DCHB_NARSIMHAPUR_EB.csv,0,0
DH_2011_2112_PART_B_DCHB_CUTTACK_EB.pdf,DH_2011_2112_PART_B_DCHB_CUTTACK_EB.csv,0,0
DH_2011_1212_PART_B_DCHB_KURUNG_KUMEY_EB.pdf,DH_2011_1212_PART_B_DCHB_KURUNG_KUMEY_EB.csv,0,0
DH_2011_1010_PART_B_DCHB_KATIHAR_EB.pdf,DH_2011_1010_PART_B_DCHB_KATIHAR_EB.csv,0,0
DH_2011_2330_PART_B_DCHB_BETUL_EB.pdf,DH_2011_2330_PART_B_DCHB_BETUL_EB.csv,0,0
DH_2011_2302_PART_B_DCHB_MORENA_EB.pdf,DH_2011_2302_PART_B_DCHB_MORENA_EB.csv,0,0
DH_2011_1602_PART_B_DCHB_SOUTH_TRIPURA_EB.pdf,DH_2011_1602_PART_B_DCHB_SOUTH_TRIPURA_EB.csv,0,0
DH_2011_2712_PART_B_DCHB_GADCHIROLI_EB.pdf,DH_2011_2712_PART_B_DCHB_GADCHIROLI_EB.csv,0,0
DH_2011_1205_PART_B_DCHB_UPPER_SUBANSIRI_EB.pdf,DH_2011_1205_PART_B_DCHB_UPPER_SUBANSIRI_EB.csv,0,0
DH_2011_0817_PART_B_DCHB_BARMER_EB.pdf,DH_2011_0817_PART_B_DCHB_BARMER_EB.csv,0,0
DH_2011_2425_PART_B_DCHB_SURAT_EB.pdf,DH_2011_2425_PART_B_DCHB_SURAT_EB.csv,0,0
DH_2011_2732_PART_B_DCHB_RATNAGIRI_EB.pdf,DH_2011_2732_PART_B_DCHB_RATNAGIRI_EB.csv,0,0
DH_2011_2332_PART_B_DCHB_HOSHANGABAD_EB.pdf,DH_2011_2332_PART_B_DCHB_HOSHANGABAD_EB.csv,0,0
DH_2011_3201_PART_B_DCHB_KASARAGOD_EB.pdf,DH_2011_3201_PART_B_DCHB_KASARAGOD_EB.csv,0,0
DH_2011_0809_PART_B_DCHB_KARAULI_EB.pdf,DH_2011_0809_PART_B_DCHB_KARAULI_EB.csv,0,0
DH_2011_0510_PART_B_DCHB_CHAMPAWAT_EB.pdf,DH_2011_0510_PART_B_DCHB_CHAMPAWAT_EB.csv,0,0
DH_2011_0915_PART_B_DCHB_AGRA_EB.pdf,DH_2011_0915_PART_B_DCHB_AGRA_EB.csv,0,0
DH_2011_0970_PART_B_DCHB_ETAH_EB.pdf,DH_2011_0970_PART_B_DCHB_ETAH_EB.csv,0,0
DH_2011_2415_PART_B_DCHB_ANAND_EB.pdf,DH_2011_2415_PART_B_DCHB_ANAND_EB.csv,0,0
DH_2011_0924_PART_B_DCHB_HARDOI_EB.pdf,DH_2011_0924_PART_B_DCHB_HARDOI_EB.csv,0,0
DH_2011_0320_PART_B_DCHB_BARNALA_EB.pdf,DH_2011_0320_PART_B_DCHB_BARNALA_EB.csv,0,0
DH_2011_2115_PART_B_DCHB_ANUGUL_EB.pdf,DH_2011_2115_PART_B_DCHB_ANUGUL_EB.csv,0,0
DH_2011_2018_PART_B_DCHB_JAMTARA_EB.pdf,DH_2011_2018_PART_B_DCHB_JAMTARA_EB.csv,0,0
DH_2011_0802_PART_B_DCHB_HANUMANGARH_EB.pdf,DH_2011_0802_PART_B_DCHB_HANUMANGARH_EB.csv,0,0
DH_2011_0318_PART_B_DCHB_SAHIBZADA_AJIT_SINGH_NAGAR_EB.pdf,DH_2011_0318_PART_B_DCHB_SAHIBZADA_AJIT_SINGH_NAGAR_EB.csv,0,0
DH_2011_2715_PART_B_DCHB_NANDED_EB.pdf,DH_2011_2715_PART_B_DCHB_NANDED_EB.csv,0,0
DH_2011_3214_PART_B_DCHB_THIRUVANANTHAPURAM_EB.pdf,DH_2011_3214_PART_B_DCHB_THIRUVANANTHAPURAM_EB.csv,1,1
DH_2011_2309_PART_B_DCHB_PANNA_EB.pdf,DH_2011_2309_PART_B_DCHB_PANNA_EB.csv,0,0
DH_2011_0502_PART_B_DCHB_CHAMOLI_EB.pdf,DH_2011_0502_PART_B_DCHB_CHAMOLI_EB.csv,0,0
DH_2011_2120_PART_B_DCHB_GAJAPATI_EB.pdf,DH_2011_2120_PART_B_DCHB_GAJAPATI_EB.csv,0,0
DH_2011_3308_PART_B_DCHB_NAMAKKAL_EB.pdf,DH_2011_3308_PART_B_DCHB_NAMAKKAL_EB.csv,0,0
DH_2011_0616_PART_B_DCHB_MAHENDERGARH_EB.pdf,DH_2011_0616_PART_B_DCHB_MAHENDERGARH_EB.csv,0,0
DH_2011_1029_PART_B_DCHB_BHOJPUR_EB.pdf,DH_2011_1029_PART_B_DCHB_BHOJPUR_EB.csv,0,0
DH_2011_1905_PART_B_DCHB_DAKSHIN_DINAJPUR_EB.pdf,DH_2011_1905_PART_B_DCHB_DAKSHIN_DINAJPUR_EB.csv,0,0
DH_2011_1018_PART_B_DCHB_VAISHALI_EB.pdf,DH_2011_1018_PART_B_DCHB_VAISHALI_EB.csv,0,0
DH_2011_3324_PART_B_DCHB_VIRUDHUNAGAR_EB.pdf,DH_2011_3324_PART_B_DCHB_VIRUDHUNAGAR_EB.csv,0,0
DH_2011_1213_PART_B_DCHB_DIBANG_VALLEY_EB.pdf,DH_2011_1213_PART_B_DCHB_DIBANG_VALLEY_EB.csv,0,0
DH_2011_0700_PART_B_DCHB_NCT_OF_DELHI_EB.pdf,DH_2011_0700_PART_B_DCHB_NCT_OF_DELHI_EB.csv,0,0
DH_2011_2907_PART_B_DCHB_GADAG_EB.pdf,DH_2011_2907_PART_B_DCHB_GADAG_EB.csv,0,0
DH_2011_3323_PART_B_DCHB_THENI_EB.pdf,DH_2011_3323_PART_B_DCHB_THENI_EB.csv,0,0
DH_2011_1302_PART_B_DCHB_MOKOKCHUNG_EB.pdf,DH_2011_1302_PART_B_DCHB_MOKOKCHUNG_EB.csv,0,0
DH_2011_2801_PART_B_DCHB_ADILABAD_EB.pdf,DH_2011_2801_PART_B_DCHB_ADILABAD_EB.csv,0,0
DH_2011_3204_PART_B_DCHB_KOZHIKODE_EB.pdf,DH_2011_3204_PART_B_DCHB_KOZHIKODE_EB.csv,0,0
DH_2011_1038_PART_B_DCHB_ARWAL_EB.pdf,DH_2011_1038_PART_B_DCHB_ARWAL_EB.csv,0,0
DH_2011_2334_PART_B_DCHB_JABALPUR_EB.pdf,DH_2011_2334_PART_B_DCHB_JABALPUR_EB.csv,0,0
DH_2011_0313_PART_B_DCHB_MANSA_EB.pdf,DH_2011_0313_PART_B_DCHB_MANSA_EB.csv,0,0
DH_2011_2906_PART_B_DCHB_KOPPAL_EB.pdf,DH_2011_2906_PART_B_DCHB_KOPPAL_EB.csv,0,0
DH_2011_0509_PART_B_DCHB_ALMORA_EB.pdf,DH_2011_0509_PART_B_DCHB_ALMORA_EB.csv,0,0
DH_2011_2424_PART_B_DCHB_VALSAD_EB.pdf,DH_2011_2424_PART_B_DCHB_VALSAD_EB.csv,0,0
DH_2011_0302_PART_B_DCHB_KAPURTHALA_EB.pdf,DH_2011_0302_PART_B_DCHB_KAPURTHALA_EB.csv,0,0
DH_2011_1827_PART_B_DCHB_UDALGURI_EB.pdf,DH_2011_1827_PART_B_DCHB_UDALGURI_EB.csv,0,0
DH_2011_2925_PART_B_DCHB_GULBARGA_EB.pdf,DH_2011_2925_PART_B_DCHB_GULBARGA_EB.csv,0,0
DH_2011_2421_PART_B_DCHB_BHARUCH_EB.pdf,DH_2011_2421_PART_B_DCHB_BHARUCH_EB.csv,0,0
DH_2011_3301_PART_B_DCHB_THIRUVALLUR_EB.pdf,DH_2011_3301_PART_B_DCHB_THIRUVALLUR_EB.csv,0,0
DH_2011_0808_PART_B_DCHB_DHAULPUR_EB.pdf,DH_2011_0808_PART_B_DCHB_DHAULPUR_EB.csv,0,0
DH_2011_2502_PART_B_DCHB_DAMAN_EB.pdf,DH_2011_2502_PART_B_DCHB_DAMAN_EB.csv,0,0
DH_2011_0620_PART_B_DCHB_FARIDABAD_EB.pdf,DH_2011_0620_PART_B_DCHB_FARIDABAD_EB.csv,0,0
DH_2011_2405_PART_B_DCHB_SABAR_KANTHA_EB.pdf,DH_2011_2405_PART_B_DCHB_SABAR_KANTHA_EB.csv,0,0
DH_2011_2423_PART_B_DCHB_NAVSARI_EB.pdf,DH_2011_2423_PART_B_DCHB_NAVSARI_EB.csv,0,0
DH_2011_0951_PART_B_DCHB_BALRAMPUR_EB.pdf,DH_2011_0951_PART_B_DCHB_BALRAMPUR_EB.csv,0,0
DH_2011_3332_PART_B_DCHB_TIRUPPUR_EB.pdf,DH_2011_3332_PART_B_DCHB_TIRUPPUR_EB.csv,0,0
DH_2011_0946_PART_B_DCHB_FAIZABAD_EB.pdf,DH_2011_0946_PART_B_DCHB_FAIZABAD_EB.csv,0,0
DH_2011_2312_PART_B_DCHB_SATNA_EB.pdf,DH_2011_2312_PART_B_DCHB_SATNA_EB.csv,0,0
DH_2011_0805_PART_B_DCHB_JHUNJHUNUN_EB.pdf,DH_2011_0805_PART_B_DCHB_JHUNJHUNUN_EB.csv,0,0
DH_2011_2110_PART_B_DCHB_KENDRAPARA_EB.pdf,DH_2011_2110_PART_B_DCHB_KENDRAPARA_EB.csv,0,0
DH_2011_2339_PART_B_DCHB_SEONI_EB.pdf,DH_2011_2339_PART_B_DCHB_SEONI_EB.csv,0,0
DH_2011_2908_PART_B_DCHB_DHARWAD_EB.pdf,DH_2011_2908_PART_B_DCHB_DHARWAD_EB.csv,0,0
DH_2011_2717_PART_B_DCHB_PARBHANI_EB.pdf,DH_2011_2717_PART_B_DCHB_PARBHANI_EB.csv,0,0
DH_2011_0110_PART_B_DCHB_SRINAGAR_EB.pdf,DH_2011_0110_PART_B_DCHB_SRINAGAR_EB.csv,0,0
DH_2011_2718_PART_B_DCHB_JALNA_EB.pdf,DH_2011_2718_PART_B_DCHB_JALNA_EB.csv,0,0
DH_2011_0304_PART_B_DCHB_HOSHIARPUR_EB.pdf,DH_2011_0304_PART_B_DCHB_HOSHIARPUR_EB.csv,0,0
DH_2011_2336_PART_B_DCHB_DINDORI_EB.pdf,DH_2011_2336_PART_B_DCHB_DINDORI_EB.csv,0,0
DH_2011_2929_PART_B_DCHB_BANGALORE_RURAL_EB.pdf,DH_2011_2929_PART_B_DCHB_BANGALORE_RURAL_EB.csv,0,0
DH_2011_0814_PART_B_DCHB_NAGAUR_EB.pdf,DH_2011_0814_PART_B_DCHB_NAGAUR_EB.csv,0,0
DH_2011_3307_PART_B_DCHB_SALEM_EB.pdf,DH_2011_3307_PART_B_DCHB_SALEM_EB.csv,0,0
DH_2011_1824_PART_B_DCHB_NALBARI_EB.pdf,DH_2011_1824_PART_B_DCHB_NALBARI_EB.csv,0,0
DH_2011_0920_PART_B_DCHB_PILIBHIT_EB.pdf,DH_2011_0920_PART_B_DCHB_PILIBHIT_EB.csv,0,0
DH_2011_2202_PART_B_DCHB_SURGUJA_EB.pdf,DH_2011_2202_PART_B_DCHB_SURGUJA_EB.csv,0,0
DH_2011_0912_PART_B_DCHB_ALIGARH_EB.pdf,DH_2011_0912_PART_B_DCHB_ALIGARH_EB.csv,0,0
DH_2011_2119_PART_B_DCHB_GANJAM_EB.pdf,DH_2011_2119_PART_B_DCHB_GANJAM_EB.csv,0,0
DH_2011_0908_PART_B_DCHB_BAGHPAT_EB.pdf,DH_2011_0908_PART_B_DCHB_BAGHPAT_EB.csv,0,0
DH_2011_2704_PART_B_DCHB_BULDANA_EB.pdf,DH_2011_2704_PART_B_DCHB_BULDANA_EB.csv,0,0
DH_2011_0604_PART_B_DCHB_KURUKSHETRA_EB.pdf,DH_2011_0604_PART_B_DCHB_KURUKSHETRA_EB.csv,0,0
DH_2011_0961_PART_B_DCHB_MAU_EB.pdf,DH_2011_0961_PART_B_DCHB_MAU_EB.csv,0,0
DH_2011_2811_PART_B_DCHB_SRIKAKULAM_EB.pdf,DH_2011_2811_PART_B_DCHB_SRIKAKULAM_EB.csv,0,0
DH_2011_3313_PART_B_DCHB_TIRUCHIRAPPALLI_EB.pdf,DH_2011_3313_PART_B_DCHB_TIRUCHIRAPPALLI_EB.csv,0,0
DH_2011_1906_PART_B_DCHB_MALDAH_EB.pdf,DH_2011_1906_PART_B_DCHB_MALDAH_EB.csv,0,0
DH_2011_3303_PART_B_DCHB_KANCHEEPURAM_EB.pdf,DH_2011_3303_PART_B_DCHB_KANCHEEPURAM_EB.csv,0,0
DH_2011_0507_PART_B_DCHB_PITHORAGARH_EB.pdf,DH_2011_0507_PART_B_DCHB_PITHORAGARH_EB.csv,0,0
DH_2011_0820_PART_B_DCHB_PALI_EB.pdf,DH_2011_0820_PART_B_DCHB_PALI_EB.csv,0,0
DH_2011_2706_PART_B_DCHB_WASHIM_EB.pdf,DH_2011_2706_PART_B_DCHB_WASHIM_EB.csv,0,0
DH_2011_2807_PART_B_DCHB_MAHBUBNAGAR_EB.pdf,DH_2011_2807_PART_B_DCHB_MAHBUBNAGAR_EB.csv,1,1
DH_2011_1025_PART_B_DCHB_LAKHISARAI_EB.pdf,DH_2011_1025_PART_B_DCHB_LAKHISARAI_EB.csv,0,0
DH_2011_3404_PART_B_DCHB_KARAIKAL_EB.pdf,DH_2011_3404_PART_B_DCHB_KARAIKAL_EB.csv,0,0
DH_2011_0827_PART_B_DCHB_BANSWARA_EB.pdf,DH_2011_0827_PART_B_DCHB_BANSWARA_EB.csv,0,0
DH_2011_3302_PART_B_DCHB_CHENNAI_EB.pdf,DH_2011_3302_PART_B_DCHB_CHENNAI_EB.csv,0,0
DH_2011_0815_PART_B_DCHB_JODHPUR_EB.pdf,DH_2011_0815_PART_B_DCHB_JODHPUR_EB.csv,0,0
DH_2011_0803_PART_B_DCHB_BIKANER_EB.pdf,DH_2011_0803_PART_B_DCHB_BIKANER_EB.csv,0,0
DH_2011_1004_PART_B_DCHB_SITAMARHI_EB.pdf,DH_2011_1004_PART_B_DCHB_SITAMARHI_EB.csv,0,0
DH_2011_0941_PART_B_DCHB_FATEHPUR_EB.pdf,DH_2011_0941_PART_B_DCHB_FATEHPUR_EB.csv,0,0
DH_2011_0943_PART_B_DCHB_KAUSHAMBI_EB.pdf,DH_2011_0943_PART_B_DCHB_KAUSHAMBI_EB.csv,0,0
DH_2011_2709_PART_B_DCHB_NAGPUR_EB.pdf,DH_2011_2709_PART_B_DCHB_NAGPUR_EB.csv,0,0
DH_2011_2912_PART_B_DCHB_CHITRADURGA_EB.pdf,DH_2011_2912_PART_B_DCHB_CHITRADURGA_EB.csv,0,0
DH_2011_0819_PART_B_DCHB_SIROHI_EB.pdf,DH_2011_0819_PART_B_DCHB_SIROHI_EB.csv,0,0
DH_2011_2204_PART_B_DCHB_RAIGARH_EB.pdf,DH_2011_2204_PART_B_DCHB_RAIGARH_EB.csv,1,1
DH_2011_2104_PART_B_DCHB_DEBAGARH_EB.pdf,DH_2011_2104_PART_B_DCHB_DEBAGARH_EB.csv,0,0
DH_2011_2109_PART_B_DCHB_BHADRAK_EB.pdf,DH_2011_2109_PART_B_DCHB_BHADRAK_EB.csv,0,0
DH_2011_0603_PART_B_DCHB_YAMUNANAGAR_EB.pdf,DH_2011_0603_PART_B_DCHB_YAMUNANAGAR_EB.csv,0,0
DH_2011_3206_PART_B_DCHB_PALAKKAD_EB.pdf,DH_2011_3206_PART_B_DCHB_PALAKKAD_EB.csv,0,0
DH_2011_1808_PART_B_DCHB_LAKHIMPUR_EB.pdf,DH_2011_1808_PART_B_DCHB_LAKHIMPUR_EB.csv,0,0
DH_2011_1214_PART_B_DCHB_LOWER_DIBANG_VALLEY_EB.pdf,DH_2011_1214_PART_B_DCHB_LOWER_DIBANG_VALLEY_EB.csv,0,0
DH_2011_1209_PART_B_DCHB_CHANGLANG_EB.pdf,DH_2011_1209_PART_B_DCHB_CHANGLANG_EB.csv,0,0
DH_2011_0816_PART_B_DCHB_JAISALMER_EB.pdf,DH_2011_0816_PART_B_DCHB_JAISALMER_EB.csv,0,0
DH_2011_2414_PART_B_DCHB_BHAVNAGAR_EB.pdf,DH_2011_2414_PART_B_DCHB_BHAVNAGAR_EB.csv,0,0
DH_2011_2101_PART_B_DCHB_BARGARH_EB.pdf,DH_2011_2101_PART_B_DCHB_BARGARH_EB.csv,0,0
DH_2011_2410_PART_B_DCHB_JAMNAGAR_EB.pdf,DH_2011_2410_PART_B_DCHB_JAMNAGAR_EB.csv,0,0
DH_2011_2903_PART_B_DCHB_BIJAPUR_EB.pdf,DH_2011_2903_PART_B_DCHB_BIJAPUR_EB.csv,0,0
DH_2011_0938_PART_B_DCHB_MAHOBA_EB.pdf,DH_2011_0938_PART_B_DCHB_MAHOBA_EB.csv,0,0
DH_2011_2003_PART_B_DCHB_KODARMA_EB.pdf,DH_2011_2003_PART_B_DCHB_KODARMA_EB.csv,0,0
DH_2011_2818_PART_B_DCHB_PRAKASAM_EB.pdf,DH_2011_2818_PART_B_DCHB_PRAKASAM_EB.csv,0,0
DH_2011_0503_PART_B_DCHB_RUDRAPRAYAG_EB.pdf,DH_2011_0503_PART_B_DCHB_RUDRAPRAYAG_EB.csv,0,0
DH_2011_2723_PART_B_DCHB_MUMBAI_EB.pdf,DH_2011_2723_PART_B_DCHB_MUMBAI_EB.csv,0,0
DH_2011_1915_PART_B_DCHB_HAORA_EB.pdf,DH_2011_1915_PART_B_DCHB_HAORA_EB.csv,0,0
DH_2011_2911_PART_B_DCHB_BELLARY_EB.pdf,DH_2011_2911_PART_B_DCHB_BELLARY_EB.csv,0,0
DH_2011_3321_PART_B_DCHB_SIVAGANGA_EB.pdf,DH_2011_3321_PART_B_DCHB_SIVAGANGA_EB.csv,0,0
DH_2011_2813_PART_B_DCHB_VISAKHAPATNAM_EB.pdf,DH_2011_2813_PART_B_DCHB_VISAKHAPATNAM_EB.csv,0,0
DH_2011_1404_PART_B_DCHB_BISHNUPUR_EB.pdf,DH_2011_1404_PART_B_DCHB_BISHNUPUR_EB.csv,0,0
DH_2011_0812_PART_B_DCHB_JAIPUR_EB.pdf,DH_2011_0812_PART_B_DCHB_JAIPUR_EB.csv,0,0
DH_2011_2326_PART_B_DCHB_VIDISHA_EB.pdf,DH_2011_2326_PART_B_DCHB_VIDISHA_EB.csv,0,0
DH_2011_1809_PART_B_DCHB_DHEMAJI_EB.pdf,DH_2011_1809_PART_B_DCHB_DHEMAJI_EB.csv,0,0
DH_2011_0910_PART_B_DCHB_GAUTAM_BUDDHA_NAGAR_EB.pdf,DH_2011_0910_PART_B_DCHB_GAUTAM_BUDDHA_NAGAR_EB.csv,0,0
DH_2011_2728_PART_B_DCHB_LATUR_EB.pdf,DH_2011_2728_PART_B_DCHB_LATUR_EB.csv,0,0
DH_2011_1207_PART_B_DCHB_EAST_SIANG_EB.pdf,DH_2011_1207_PART_B_DCHB_EAST_SIANG_EB.csv,0,0
DH_2011_2916_PART_B_DCHB_CHIKMAGALUR_EB.pdf,DH_2011_2916_PART_B_DCHB_CHIKMAGALUR_EB.csv,0,0
DH_2011_0205_PART_B_DCHB_MANDI_EB.pdf,DH_2011_0205_PART_B_DCHB_MANDI_EB.csv,0,0
DH_2011_3312_PART_B_DCHB_KARUR_EB.pdf,DH_2011_3312_PART_B_DCHB_KARUR_EB.csv,0,0
DH_2011_0825_PART_B_DCHB_RAJSAMAND_EB.pdf,DH_2011_0825_PART_B_DCHB_RAJSAMAND_EB.csv,0,0
DH_2011_0904_PART_B_DCHB_MORADABAD_EB.pdf,DH_2011_0904_PART_B_DCHB_MORADABAD_EB.csv,0,0
DH_2011_2810_PART_B_DCHB_KHAMMAM_EB.pdf,DH_2011_2810_PART_B_DCHB_KHAMMAM_EB.csv,0,0
DH_2011_2208_PART_B_DCHB_KABEERDHAM_EB.pdf,DH_2011_2208_PART_B_DCHB_KABEERDHAM_EB.csv,0,0
DH_2011_0923_PART_B_DCHB_SITAPUR_EB.pdf,DH_2011_0923_PART_B_DCHB_SITAPUR_EB.csv,0,0
DH_2011_2218_PART_B_DCHB_BIJAPUR_EB.pdf,DH_2011_2218_PART_B_DCHB_BIJAPUR_EB.csv,0,0
DH_2011_1901_PART_B_DCHB_DARJILING_EB.pdf,DH_2011_1901_PART_B_DCHB_DARJILING_EB.csv,0,0
DH_2011_2123_PART_B_DCHB_SUBARNAPUR_EB.pdf,DH_2011_2123_PART_B_DCHB_SUBARNAPUR_EB.csv,0,0
DH_2011_3101_PART_B_DCHB_LAKSHADWEEP_EB.pdf,DH_2011_3101_PART_B_DCHB_LAKSHADWEEP_EB.csv,0,0
DH_2011_0822_PART_B_DCHB_TONK_EB.pdf,DH_2011_0822_PART_B_DCHB_TONK_EB.csv,0,0
DH_2011_3318_PART_B_DCHB_THIRUVARUR_EB.pdf,DH_2011_3318_PART_B_DCHB_THIRUVARUR_EB.csv,0,0
DH_2011_3500_PART_B_DCHB_ANDAMAN_NICOBAR_ISLANDS_EB.pdf,DH_2011_3500_PART_B_DCHB_ANDAMAN_NICOBAR_ISLANDS_EB.csv,0,0
DH_2011_2714_PART_B_DCHB_YAVATMAL_EB.pdf,DH_2011_2714_PART_B_DCHB_YAVATMAL_EB.csv,0,0
DH_2011_2920_PART_B_DCHB_HASSAN_EB.pdf,DH_2011_2920_PART_B_DCHB_HASSAN_EB.csv,0,0
DH_2011_2708_PART_B_DCHB_WARDHA_EB.pdf,DH_2011_2708_PART_B_DCHB_WARDHA_EB.csv,0,0
DH_2011_0102_PART_B_DCHB_BADGAM_EB.pdf,DH_2011_0102_PART_B_DCHB_BADGAM_EB.csv,0,0
DH_2011_0303_PART_B_DCHB_JALANDHAR_EB.pdf,DH_2011_0303_PART_B_DCHB_JALANDHAR_EB.csv,0,0
DH_2011_0103_PART_B_DCHB_LEH_EB.pdf,DH_2011_0103_PART_B_DCHB_LEH_EB.csv,0,0
DH_2011_1032_PART_B_DCHB_ROHTAS_EB.pdf,DH_2011_1032_PART_B_DCHB_ROHTAS_EB.csv,0,0
DH_2011_1826_PART_B_DCHB_DARRANG_EB.pdf,DH_2011_1826_PART_B_DCHB_DARRANG_EB.csv,0,0
DH_2011_0505_PART_B_DCHB_DEHRADUN_EB.pdf,DH_2011_0505_PART_B_DCHB_DEHRADUN_EB.csv,0,0
DH_2011_0117_PART_B_DCHB_RAMBAN_EB.pdf,DH_2011_0117_PART_B_DCHB_RAMBAN_EB.csv,0,0
DH_2011_2729_PART_B_DCHB_OSMANABAD_EB.pdf,DH_2011_2729_PART_B_DCHB_OSMANABAD_EB.csv,0,0
DH_2011_0312_PART_B_DCHB_BATHINDA_EB.pdf,DH_2011_0312_PART_B_DCHB_BATHINDA_EB.csv,0,0
DH_2011_1037_PART_B_DCHB_JEHANABAD_EB.pdf,DH_2011_1037_PART_B_DCHB_JEHANABAD_EB.csv,0,0
DH_2011_2106_PART_B_DCHB_KENDUJHAR_EB.pdf,DH_2011_2106_PART_B_DCHB_KENDUJHAR_EB.csv,0,0
DH_2011_0907_PART_B_DCHB_MEERUT_EB.pdf,DH_2011_0907_PART_B_DCHB_MEERUT_EB.csv,0,0
DH_2011_2350_PART_B_DCHB_BURHANPUR_EB.pdf,DH_2011_2350_PART_B_DCHB_BURHANPUR_EB.csv,0,0
DH_2011_3205_PART_B_DCHB_MALAPPURAM_EB.pdf,DH_2011_3205_PART_B_DCHB_MALAPPURAM_EB.csv,0,0
DH_2011_2340_PART_B_DCHB_BALAGHAT_EB.pdf,DH_2011_2340_PART_B_DCHB_BALAGHAT_EB.csv,0,0
DH_2011_1035_PART_B_DCHB_NAWADA_EB.pdf,DH_2011_1035_PART_B_DCHB_NAWADA_EB.csv,0,0
DH_2011_2303_PART_B_DCHB_BHIND_EB.pdf,DH_2011_2303_PART_B_DCHB_BHIND_EB.csv,0,0
DH_2011_2320_PART_B_DCHB_DEWAS_EB.pdf,DH_2011_2320_PART_B_DCHB_DEWAS_EB.csv,0,0
DH_2011_2803_PART_B_DCHB_KARIMNAGAR_EB.pdf,DH_2011_2803_PART_B_DCHB_KARIMNAGAR_EB.csv,0,0
DH_2011_2124_PART_B_DCHB_BALANGIR_EB.pdf,DH_2011_2124_PART_B_DCHB_BALANGIR_EB.csv,0,0
DH_2011_1506_PART_B_DCHB_LUNGLEI_EB.pdf,DH_2011_1506_PART_B_DCHB_LUNGLEI_EB.csv,0,0
DH_2011_0109_PART_B_DCHB_BANDIPORE_EB.pdf,DH_2011_0109_PART_B_DCHB_BANDIPORE_EB.csv,0,0
DH_2011_0968_PART_B_DCHB_MIRZAPUR_EB.pdf,DH_2011_0968_PART_B_DCHB_MIRZAPUR_EB.csv,0,0
DH_2011_2416_PART_B_DCHB_KHEDA_EB.pdf,DH_2011_2416_PART_B_DCHB_KHEDA_EB.csv,0,0
DH_2011_0210_PART_B_DCHB_SIRMAUR_EB.pdf,DH_2011_0210_PART_B_DCHB_SIRMAUR_EB.csv,0,0
DH_2011_2210_PART_B_DCHB_DURG_EB.pdf,DH_2011_2210_PART_B_DCHB_DURG_EB.csv,0,0
DH_2011_0211_PART_B_DCHB_SHIMLA_EB.pdf,DH_2011_0211_PART_B_DCHB_SHIMLA_EB.csv,0,0
DH_2011_1011_PART_B_DCHB_MADHEPURA_EB.pdf,DH_2011_1011_PART_B_DCHB_MADHEPURA_EB.csv,0,0
DH_2011_2310_PART_B_DCHB_SAGAR_EB.pdf,DH_2011_2310_PART_B_DCHB_SAGAR_EB.csv,0,0
DH_2011_1311_PART_B_DCHB_PEREN_EB.pdf,DH_2011_1311_PART_B_DCHB_PEREN_EB.csv,0,0
DH_2011_2901_PART_B_DCHB_BELGAUM_EB.pdf,DH_2011_2901_PART_B_DCHB_BELGAUM_EB.csv,0,0
DH_2011_2705_PART_B_DCHB_AKOLA_EB.pdf,DH_2011_2705_PART_B_DCHB_AKOLA_EB.csv,0,0
DH_2011_0969_PART_B_DCHB_SONBHADRA_EB.pdf,DH_2011_0969_PART_B_DCHB_SONBHADRA_EB.csv,0,0
DH_2011_2306_PART_B_DCHB_SHIVPURI_EB.pdf,DH_2011_2306_PART_B_DCHB_SHIVPURI_EB.csv,0,0
DH_2011_3210_PART_B_DCHB_KOTTAYAM_EB.pdf,DH_2011_3210_PART_B_DCHB_KOTTAYAM_EB.csv,0,0
DH_2011_0957_PART_B_DCHB_GORAKHPUR_EB.pdf,DH_2011_0957_PART_B_DCHB_GORAKHPUR_EB.csv,0,0
DH_2011_0905_PART_B_DCHB_RAMPUR_EB.pdf,DH_2011_0905_PART_B_DCHB_RAMPUR_EB.csv,0,0
DH_2011_0101_PART_B_DCHB_KUPWARA_EB.pdf,DH_2011_0101_PART_B_DCHB_KUPWARA_EB.csv,0,0
DH_2011_2006_PART_B_DCHB_GODDA_EB.pdf,DH_2011_2006_PART_B_DCHB_GODDA_EB.csv,0,0
DH_2011_0605_PART_B_DCHB_KAITHAL_EB.pdf,DH_2011_0605_PART_B_DCHB_KAITHAL_EB.csv,0,0
DH_2011_2021_PART_B_DCHB_GUMLA_EB.pdf,DH_2011_2021_PART_B_DCHB_GUMLA_EB.csv,0,0
DH_2011_0206_PART_B_DCHB_HAMIRPUR_EB.pdf,DH_2011_0206_PART_B_DCHB_HAMIRPUR_EB.csv,0,0
DH_2011_1009_PART_B_DCHB_PURNIA_EB.pdf,DH_2011_1009_PART_B_DCHB_PURNIA_EB.csv,0,0
DH_2011_1807_PART_B_DCHB_SONITPUR_EB.pdf,DH_2011_1807_PART_B_DCHB_SONITPUR_EB.csv,0,0
DH_2011_2307_PART_B_DCHB_TIKAMGARH_EB.pdf,DH_2011_2307_PART_B_DCHB_TIKAMGARH_EB.csv,0,0
DH_2011_2909_PART_B_DCHB_UTTARA_KANNADA_EB.pdf,DH_2011_2909_PART_B_DCHB_UTTARA_KANNADA_EB.csv,0,0
DH_2011_2806_PART_B_DCHB_RANGAREDDY_EB.pdf,DH_2011_2806_PART_B_DCHB_RANGAREDDY_EB.csv,0,0
DH_2011_2117_PART_B_DCHB_KHORDHA_EB.pdf,DH_2011_2117_PART_B_DCHB_KHORDHA_EB.csv,0,0
DH_2011_2407_PART_B_DCHB_AHMADABAD_EB.pdf,DH_2011_2407_PART_B_DCHB_AHMADABAD_EB.csv,0,0
DH_2011_3305_PART_B_DCHB_TIRUVANNAMALAI_EB.pdf,DH_2011_3305_PART_B_DCHB_TIRUVANNAMALAI_EB.csv,0,0
DH_2011_0962_PART_B_DCHB_BALLIA_EB.pdf,DH_2011_0962_PART_B_DCHB_BALLIA_EB.csv,0,0
DH_2011_2008_PART_B_DCHB_PAKUR_EB.pdf,DH_2011_2008_PART_B_DCHB_PAKUR_EB.csv,0,0
DH_2011_2105_PART_B_DCHB_SUNDARGARH_EB.pdf,DH_2011_2105_PART_B_DCHB_SUNDARGARH_EB.csv,0,0
DH_2011_1918_PART_B_DCHB_PASCHIM_MEDINIPUR_EB.pdf,DH_2011_1918_PART_B_DCHB_PASCHIM_MEDINIPUR_EB.csv,0,0
DH_2011_1201_PART_B_DCHB_TAWANG_EB.pdf,DH_2011_1201_PART_B_DCHB_TAWANG_EB.csv,0,0
DH_2011_0607_PART_B_DCHB_PANIPAT_EB.pdf,DH_2011_0607_PART_B_DCHB_PANIPAT_EB.csv,0,0
DH_2011_1403_PART_B_DCHB_CHURACHANDPUR_EB.pdf,DH_2011_1403_PART_B_DCHB_CHURACHANDPUR_EB.csv,0,0
DH_2011_1308_PART_B_DCHB_LONGLENG_EB.pdf,DH_2011_1308_PART_B_DCHB_LONGLENG_EB.csv,0,0
DH_2011_2404_PART_B_DCHB_MAHESANA_EB.pdf,DH_2011_2404_PART_B_DCHB_MAHESANA_EB.csv,0,0
DH_2011_3202_PART_B_DCHB_KANNUR_EB.pdf,DH_2011_3202_PART_B_DCHB_KANNUR_EB.csv,0,0
DH_2011_0958_PART_B_DCHB_KUSHINAGAR_EB.pdf,DH_2011_0958_PART_B_DCHB_KUSHINAGAR_EB.csv,0,0
DH_2011_2024_PART_B_DCHB_SARAIKELA_KHARSAWAN_EB.pdf,DH_2011_2024_PART_B_DCHB_SARAIKELA_KHARSAWAN_EB.csv,0,0
DH_2011_0954_PART_B_DCHB_BASTI_EB.pdf,DH_2011_0954_PART_B_DCHB_BASTI_EB.csv,0,0
DH_2011_1407_PART_B_DCHB_IMPHAL_EAST_EB.pdf,DH_2011_1407_PART_B_DCHB_IMPHAL_EAST_EB.csv,0,0
DH_2011_1913_PART_B_DCHB_BANKURA_EB.pdf,DH_2011_1913_PART_B_DCHB_BANKURA_EB.csv,0,0
DH_2011_2209_PART_B_DCHB_RAJNANDGAON_EB.pdf,DH_2011_2209_PART_B_DCHB_RAJNANDGAON_EB.csv,0,0
DH_2011_1805_PART_B_DCHB_MORIGAON_EB.pdf,DH_2011_1805_PART_B_DCHB_MORIGAON_EB.csv,0,0
DH_2011_0602_PART_B_DCHB_AMBALA_EB.pdf,DH_2011_0602_PART_B_DCHB_AMBALA_EB.csv,0,0
DH_2011_0964_PART_B_DCHB_GHAZIPUR_EB.pdf,DH_2011_0964_PART_B_DCHB_GHAZIPUR_EB.csv,0,0
DH_2011_0202_PART_B_DCHB_KANGRA_EB.pdf,DH_2011_0202_PART_B_DCHB_KANGRA_EB.csv,0,0
DH_2011_2015_PART_B_DCHB_HAZARIBAGH_EB.pdf,DH_2011_2015_PART_B_DCHB_HAZARIBAGH_EB.csv,0,0
DH_2011_2017_PART_B_DCHB_DUMKA_EB.pdf,DH_2011_2017_PART_B_DCHB_DUMKA_EB.csv,0,0
DH_2011_0806_PART_B_DCHB_ALWAR_EB.pdf,DH_2011_0806_PART_B_DCHB_ALWAR_EB.csv,0,0
DH_2011_0906_PART_B_DCHB_JYOTIBA_PHULE_NAGAR_EB.pdf,DH_2011_0906_PART_B_DCHB_JYOTIBA_PHULE_NAGAR_EB.csv,0,0
DH_2011_0315_PART_B_DCHB_AMRITSAR_EB.pdf,DH_2011_0315_PART_B_DCHB_AMRITSAR_EB.csv,0,0
DH_2011_2707_PART_B_DCHB_AMRAVATI_EB.pdf,DH_2011_2707_PART_B_DCHB_AMRAVATI_EB.csv,0,0
DH_2011_2126_PART_B_DCHB_KALAHANDI_EB.pdf,DH_2011_2126_PART_B_DCHB_KALAHANDI_EB.csv,0,0
DH_2011_3322_PART_B_DCHB_MADURAI_EB.pdf,DH_2011_3322_PART_B_DCHB_MADURAI_EB.csv,0,0
DH_2011_2919_PART_B_DCHB_MANDYA_EB.pdf,DH_2011_2919_PART_B_DCHB_MANDYA_EB.csv,0,0
DH_2011_0121_PART_B_DCHB_JAMMU_EB.pdf,DH_2011_0121_PART_B_DCHB_JAMMU_EB.csv,0,0
DH_2011_0833_PART_B_DCHB_PRATAPGARH_EB.pdf,DH_2011_0833_PART_B_DCHB_PRATAPGARH_EB.csv,0,0
DH_2011_2923_PART_B_DCHB_MYSORE_EB.pdf,DH_2011_2923_PART_B_DCHB_MYSORE_EB.csv,0,0
DH_2011_0831_PART_B_DCHB_JHALAWAR_EB.pdf,DH_2011_0831_PART_B_DCHB_JHALAWAR_EB.csv,0,0
DH_2011_2116_PART_B_DCHB_NAYAGARH_EB.pdf,DH_2011_2116_PART_B_DCHB_NAYAGARH_EB.csv,0,0
DH_2011_1501_PART_B_DCHB_MAMIT_EB.pdf,DH_2011_1501_PART_B_DCHB_MAMIT_EB.csv,0,0
DH_2011_2319_PART_B_DCHB_SHAJAPUR_EB.pdf,DH_2011_2319_PART_B_DCHB_SHAJAPUR_EB.csv,0,0
DH_2011_2411_PART_B_DCHB_PORBANDAR_EB.pdf,DH_2011_2411_PART_B_DCHB_PORBANDAR_EB.csv,0,0
DH_2011_2805_PART_B_DCHB_HYDERABAD_EB.pdf,DH_2011_2805_PART_B_DCHB_HYDERABAD_EB.csv,0,0
DH_2011_2716_PART_B_DCHB_HINGOLI_EB.pdf,DH_2011_2716_PART_B_DCHB_HINGOLI_EB.csv,0,0
DH_2011_1208_PART_B_DCHB_UPPER_SIANG_EB.pdf,DH_2011_1208_PART_B_DCHB_UPPER_SIANG_EB.csv,0,0
DH_2011_0207_PART_B_DCHB_UNA_EB.pdf,DH_2011_0207_PART_B_DCHB_UNA_EB.csv,0,0
DH_2011_0934_PART_B_DCHB_JALAUN_EB.pdf,DH_2011_0934_PART_B_DCHB_JALAUN_EB.csv,0,0
DH_2011_1502_PART_B_DCHB_KOLASIB_EB.pdf,DH_2011_1502_PART_B_DCHB_KOLASIB_EB.csv,0,0
DH_2011_1810_PART_B_DCHB_TINSUKIA_EB.pdf,DH_2011_1810_PART_B_DCHB_TINSUKIA_EB.csv,0,0
DH_2011_3213_PART_B_DCHB_KOLLAM_EB.pdf,DH_2011_3213_PART_B_DCHB_KOLLAM_EB.csv,0,0
DH_2011_1801_PART_B_DCHB_KOKRAJHAR_EB.pdf,DH_2011_1801_PART_B_DCHB_KOKRAJHAR_EB.csv,0,0
DH_2011_0911_PART_B_DCHB_BULANDSHAHR_EB.pdf,DH_2011_0911_PART_B_DCHB_BULANDSHAHR_EB.csv,0,0
DH_2011_2802_PART_B_DCHB_NIZAMABAD_EB.pdf,DH_2011_2802_PART_B_DCHB_NIZAMABAD_EB.csv,0,0
DH_2011_1036_PART_B_DCHB_JAMUI_EB.pdf,DH_2011_1036_PART_B_DCHB_JAMUI_EB.csv,0,0
DH_2011_0504_PART_B_DCHB_TEHRI_GARHWAL_EB.pdf,DH_2011_0504_PART_B_DCHB_TEHRI_GARHWAL_EB.csv,0,0
DH_2011_1508_PART_B_DCHB_SAIHA_EB.pdf,DH_2011_1508_PART_B_DCHB_SAIHA_EB.csv,0,0
DH_2011_2344_PART_B_DCHB_ANUPPUR_EB.pdf,DH_2011_2344_PART_B_DCHB_ANUPPUR_EB.csv,0,0
DH_2011_2914_PART_B_DCHB_SHIMOGA_EB.pdf,DH_2011_2914_PART_B_DCHB_SHIMOGA_EB.csv,0,0
DH_2011_3309_PART_B_DCHB_ERODE_EB.pdf,DH_2011_3309_PART_B_DCHB_ERODE_EB.csv,0,0
DH_2011_1021_PART_B_DCHB_KHAGARIA_EB.pdf,DH_2011_1021_PART_B_DCHB_KHAGARIA_EB.csv,0,0
DH_2011_3315_PART_B_DCHB_ARIYALUR_EB.pdf,DH_2011_3315_PART_B_DCHB_ARIYALUR_EB.csv,0,0
DH_2011_1027_PART_B_DCHB_NALANDA_EB.pdf,DH_2011_1027_PART_B_DCHB_NALANDA_EB.csv,0,0
DH_2011_1309_PART_B_DCHB_KIPHIRE_EB.pdf,DH_2011_1309_PART_B_DCHB_KIPHIRE_EB.csv,0,0
DH_2011_0945_PART_B_DCHB_BARA_BANKI_EB.pdf,DH_2011_0945_PART_B_DCHB_BARA_BANKI_EB.csv,0,0
DH_2011_0104_PART_B_DCHB_KARGIL_EB.pdf,DH_2011_0104_PART_B_DCHB_KARGIL_EB.csv,0,0
DH_2011_2316_PART_B_DCHB_MANDSAUR_EB.pdf,DH_2011_2316_PART_B_DCHB_MANDSAUR_EB.csv,0,0
DH_2011_0959_PART_B_DCHB_DEORIA_EB.pdf,DH_2011_0959_PART_B_DCHB_DEORIA_EB.csv,0,0
DH_2011_0305_PART_B_DCHB_SHAHID_BHAGAT_SINGH_NAGAR_EB.pdf,DH_2011_0305_PART_B_DCHB_SHAHID_BHAGAT_SINGH_NAGAR_EB.csv,0,0
DH_2011_1005_PART_B_DCHB_MADHUBANI_EB.pdf,DH_2011_1005_PART_B_DCHB_MADHUBANI_EB.csv,0,0
DH_2011_2913_PART_B_DCHB_DAVANAGERE_EB.pdf,DH_2011_2913_PART_B_DCHB_DAVANAGERE_EB.csv,0,0
DH_2011_1601_PART_B_DCHB_WEST_TRIPURA_EB.pdf,DH_2011_1601_PART_B_DCHB_WEST_TRIPURA_EB.csv,0,0
DH_2011_0933_PART_B_DCHB_KANPUR_NAGAR_EB.pdf,DH_2011_0933_PART_B_DCHB_KANPUR_NAGAR_EB.csv,0,0
DH_2011_2814_PART_B_DCHB_EAST_GODAVARI_EB.pdf,DH_2011_2814_PART_B_DCHB_EAST_GODAVARI_EB.csv,0,0
DH_2011_3319_PART_B_DCHB_THANJAVUR_EB.pdf,DH_2011_3319_PART_B_DCHB_THANJAVUR_EB.csv,0,0
DH_2011_2702_PART_B_DCHB_DHULE_EB.pdf,DH_2011_2702_PART_B_DCHB_DHULE_EB.csv,0,0
DH_2011_3311_PART_B_DCHB_DINDIGUL_EB.pdf,DH_2011_3311_PART_B_DCHB_DINDIGUL_EB.csv,0,0
DH_2011_3320_PART_B_DCHB_PUDUKKOTTAI_EB.pdf,DH_2011_3320_PART_B_DCHB_PUDUKKOTTAI_EB.csv,0,0
DH_2011_0311_PART_B_DCHB_FARIDKOT_EB.pdf,DH_2011_0311_PART_B_DCHB_FARIDKOT_EB.csv,0,0
DH_2011_2601_PART_B_DCHB_DADRA_NAGAR_HAVELI_EB.pdf,DH_2011_2601_PART_B_DCHB_DADRA_NAGAR_HAVELI_EB.csv,0,0
DH_2011_2711_PART_B_DCHB_GONDIYA_EB.pdf,DH_2011_2711_PART_B_DCHB_GONDIYA_EB.csv,0,0
DH_2011_0401_PART_B_DCHB_CHANDIGARH_EB.pdf,DH_2011_0401_PART_B_DCHB_CHANDIGARH_EB.csv,1,1
DH_2011_0807_PART_B_DCHB_BHARATPUR_EB.pdf,DH_2011_0807_PART_B_DCHB_BHARATPUR_EB.csv,0,0
DH_2011_1702_PART_B_DCHB_EAST_GARO_HILLS_EB.pdf,DH_2011_1702_PART_B_DCHB_EAST_GARO_HILLS_EB.csv,0,0
DH_2011_2819_PART_B_DCHB_SRI_POTTI_SRIRAMULU_NELLORE_EB.pdf,DH_2011_2819_PART_B_DCHB_SRI_POTTI_SRIRAMULU_NELLORE_EB.csv,0,0
DH_2011_2313_PART_B_DCHB_REWA_EB.pdf,DH_2011_2313_PART_B_DCHB_REWA_EB.csv,0,0
DH_2011_1301_PART_B_DCHB_MON_EB.pdf,DH_2011_1301_PART_B_DCHB_MON_EB.csv,0,0
DH_2011_1815_PART_B_DCHB_KARBI_ANGLONG_EB.pdf,DH_2011_1815_PART_B_DCHB_KARBI_ANGLONG_EB.csv,0,0
DH_2011_3002_PART_B_DCHB_SOUTH_GOA_EB.pdf,DH_2011_3002_PART_B_DCHB_SOUTH_GOA_EB.csv,0,0
DH_2011_2325_PART_B_DCHB_RAJGARH_EB.pdf,DH_2011_2325_PART_B_DCHB_RAJGARH_EB.csv,0,0
DH_2011_0949_PART_B_DCHB_BAHRAICH_EB.pdf,DH_2011_0949_PART_B_DCHB_BAHRAICH_EB.csv,0,0
DH_2011_3208_PART_B_DCHB_ERNAKULAM_EB.pdf,DH_2011_3208_PART_B_DCHB_ERNAKULAM_EB.csv,0,0
DH_2011_2211_PART_B_DCHB_RAIPUR_EB.pdf,DH_2011_2211_PART_B_DCHB_RAIPUR_EB.csv,0,0
DH_2011_1914_PART_B_DCHB_PURULIYA_EB.pdf,DH_2011_1914_PART_B_DCHB_PURULIYA_EB.csv,0,0
DH_2011_2338_PART_B_DCHB_CHHINDWARA_EB.pdf,DH_2011_2338_PART_B_DCHB_CHHINDWARA_EB.csv,0,0
DH_2011_0952_PART_B_DCHB_GONDA_EB.pdf,DH_2011_0952_PART_B_DCHB_GONDA_EB.csv,1,1
DH_2011_0902_PART_B_DCHB_MUZAFFARNAGAR_EB.pdf,DH_2011_0902_PART_B_DCHB_MUZAFFARNAGAR_EB.csv,0,0
DH_2011_0967_PART_B_DCHB_SANT_RAVIDAS_NAGAR_BHADOHI_EB.pdf,DH_2011_0967_PART_B_DCHB_SANT_RAVIDAS_NAGAR_BHADOHI_EB.csv,0,0
DH_2011_2406_PART_B_DCHB_GANDHINAGAR_EB.pdf,DH_2011_2406_PART_B_DCHB_GANDHINAGAR_EB.csv,0,0
DH_2011_2408_PART_B_DCHB_SURENDRANAGAR_EB.pdf,DH_2011_2408_PART_B_DCHB_SURENDRANAGAR_EB.csv,0,0
DH_2011_2342_PART_B_DCHB_ASHOKNAGAR_EB.pdf,DH_2011_2342_PART_B_DCHB_ASHOKNAGAR_EB.csv,0,0
DH_2011_2733_PART_B_DCHB_SINDHUDURG_EB.pdf,DH_2011_2733_PART_B_DCHB_SINDHUDURG_EB.csv,0,0
DH_2011_1806_PART_B_DCHB_NAGAON_EB.pdf,DH_2011_1806_PART_B_DCHB_NAGAON_EB.csv,0,0
DH_2011_0811_PART_B_DCHB_DAUSA_EB.pdf,DH_2011_0811_PART_B_DCHB_DAUSA_EB.csv,0,0
DH_2011_0953_PART_B_DCHB_SIDDHARTHNAGAR_EB.pdf,DH_2011_0953_PART_B_DCHB_SIDDHARTHNAGAR_EB.csv,0,0
DH_2011_2402_PART_B_DCHB_BANAS_KANTHA_EB.pdf,DH_2011_2402_PART_B_DCHB_BANAS_KANTHA_EB.csv,0,0
DH_09_2001_GHA_EB.pdf,DH_09_2001_GHA_EB.csv,1,1
DH_09_2001_MAU_VOL-01_EB.pdf,DH_09_2001_MAU_VOL-01_EB.csv,1,1
DH_09_2001_SHA_VOL-01_EB.pdf,DH_09_2001_SHA_VOL-01_EB.csv,1,1
DH_09_2001_GOD_VOL-01_EB.pdf,DH_09_2001_GOD_VOL-01_EB.csv,1,1
DH_09_2001_HAR_VOL-01_EB.pdf,DH_09_2001_HAR_VOL-01_EB.csv,1,1
